CISR_ci_high,CISR_ci_low,K,K_primary,budget,candidate_count,ci_high,ci_low,contrast,environment_id,estimate,figure_panel,mean_CISR,mean_CTI,mean_hf_cost,median_CISR,method,n_seeds,oracle_noncomparable,oracle_reference,seed_n
0.00665407601661833,0.003994518545288915,,8,0,8,,,,performative_control,,performative_control,0.005259874711284806,0.004625672171984891,0.0,0.004051870510283551,all_hf,30,True,True,
0.0,0.0,,8,1,8,,,,performative_control,,performative_control,0.0,0.009885546883269695,8.0,0.0,all_hf,30,True,True,
0.0,0.0,,8,16,8,,,,performative_control,,performative_control,0.0,0.009885546883269695,8.0,0.0,all_hf,30,True,True,
0.0,0.0,,8,2,8,,,,performative_control,,performative_control,0.0,0.009885546883269695,8.0,0.0,all_hf,30,True,True,
0.0,0.0,,8,4,8,,,,performative_control,,performative_control,0.0,0.009885546883269695,8.0,0.0,all_hf,30,True,True,
0.0,0.0,,8,8,8,,,,performative_control,,performative_control,0.0,0.009885546883269695,8.0,0.0,all_hf,30,True,True,
0.006659615852328744,0.00397748789253696,,8,0,8,,,,performative_control,,performative_control,0.005259874711284806,0.004625672171984891,0.0,0.004051870510283551,proxy_only,30,False,,
0.006631322546747019,0.0040129428540255484,,8,1,8,,,,performative_control,,performative_control,0.005259874711284806,0.004625672171984891,0.0,0.004051870510283551,proxy_only,30,False,,
0.0066537780043290345,0.004015874924390177,,8,16,8,,,,performative_control,,performative_control,0.005259874711284806,0.004625672171984891,0.0,0.004051870510283551,proxy_only,30,False,,
0.006637942211736208,0.003992445133355568,,8,2,8,,,,performative_control,,performative_control,0.005259874711284806,0.004625672171984891,0.0,0.004051870510283551,proxy_only,30,False,,
0.006650021549424712,0.004008268098027228,,8,4,8,,,,performative_control,,performative_control,0.005259874711284806,0.004625672171984891,0.0,0.004051870510283551,proxy_only,30,False,,
0.006630017175580541,0.003991943264380887,,8,8,8,,,,performative_control,,performative_control,0.005259874711284806,0.004625672171984891,0.0,0.004051870510283551,proxy_only,30,False,,
0.0028710358340546796,0.001585677206688861,,8,0,8,,,,performative_control,,performative_control,0.0021860941000863814,0.007699452783183315,0.0,0.0014221150856470188,paired_lucb,30,False,,
0.003181815667861047,0.0012312161334336572,,8,1,8,,,,performative_control,,performative_control,0.002103835576158295,0.007781711307111401,1.0,0.0010799923539425715,paired_lucb,30,False,,
0.0020614668262262316,0.000944267205181667,,8,2,8,,,,performative_control,,performative_control,0.0014620054294387879,0.008423541453830907,2.0,0.0008818300407903157,paired_lucb,30,False,,
0.0005548998329964123,0.0002916601809387763,,8,4,8,,,,performative_control,,performative_control,0.00042134796860205753,0.009464198914667637,4.0,0.00041713062124650035,paired_lucb,30,False,,
0.0,0.0,,8,16,8,,,,performative_control,,performative_control,0.0,0.009885546883269695,8.0,0.0,paired_lucb,30,False,,
0.0,0.0,,8,8,8,,,,performative_control,,performative_control,0.0,0.009885546883269695,8.0,0.0,paired_lucb,30,False,,
0.0028687336754014796,0.0015838309223300871,,8,0,8,,,,performative_control,,performative_control,0.0021860941000863814,0.007699452783183315,0.0,0.0014221150856470188,global_voi,30,False,,
0.002768097743422557,0.0015098934340742433,,8,1,8,,,,performative_control,,performative_control,0.0020907327108444507,0.007794814172425246,1.0,0.0014221150856470188,global_voi,30,False,,
0.0032062599592599743,0.0015311635842076676,,8,2,8,,,,performative_control,,performative_control,0.0022839498580679647,0.007601597025201731,2.0,0.0014221150856470188,global_voi,30,False,,
0.0031257197610189244,0.0013710401107898305,,8,4,8,,,,performative_control,,performative_control,0.0021655819983685616,0.007719964884901134,4.0,0.001352239855671039,global_voi,30,False,,
0.0,0.0,,8,16,8,,,,performative_control,,performative_control,0.0,0.009885546883269695,8.0,0.0,global_voi,30,False,,
0.0,0.0,,8,8,8,,,,performative_control,,performative_control,0.0,0.009885546883269695,8.0,0.0,global_voi,30,False,,
0.0028722771697985818,0.0015809054996295013,,8,0,8,,,,performative_control,,performative_control,0.0021860941000863814,0.007699452783183315,0.0,0.0014221150856470188,pivot_voi,30,False,,
0.002735408841942633,0.0014432560902082586,,8,1,8,,,,performative_control,,performative_control,0.002045791242341381,0.007839755640928316,1.0,0.0014221150856470188,pivot_voi,30,False,,
0.0025438849982479294,0.0012317445272177205,,8,2,8,,,,performative_control,,performative_control,0.0018442015642084095,0.008041345319061286,2.0,0.0012900376602179714,pivot_voi,30,False,,
0.0030375869412335326,0.0010912208800431512,,8,4,8,,,,performative_control,,performative_control,0.0019759103763017103,0.007909636506967986,4.0,0.0009607196042435429,pivot_voi,30,False,,
0.0,0.0,,8,16,8,,,,performative_control,,performative_control,0.0,0.009885546883269695,8.0,0.0,pivot_voi,30,False,,
0.0,0.0,,8,8,8,,,,performative_control,,performative_control,0.0,0.009885546883269695,8.0,0.0,pivot_voi,30,False,,
1.8169995077073805e-05,0.0,,8,0,8,,,,congestion_resource,,congestion_resource,6.070825303413259e-06,0.07396414544312792,0.0,0.0,all_hf,30,True,True,
0.0,0.0,,8,1,8,,,,congestion_resource,,congestion_resource,0.0,0.07397021626843132,8.0,0.0,all_hf,30,True,True,
0.0,0.0,,8,16,8,,,,congestion_resource,,congestion_resource,0.0,0.07397021626843132,8.0,0.0,all_hf,30,True,True,
0.0,0.0,,8,2,8,,,,congestion_resource,,congestion_resource,0.0,0.07397021626843132,8.0,0.0,all_hf,30,True,True,
0.0,0.0,,8,4,8,,,,congestion_resource,,congestion_resource,0.0,0.07397021626843132,8.0,0.0,all_hf,30,True,True,
0.0,0.0,,8,8,8,,,,congestion_resource,,congestion_resource,0.0,0.07397021626843132,8.0,0.0,all_hf,30,True,True,
1.8169995077073805e-05,0.0,,8,0,8,,,,congestion_resource,,congestion_resource,6.070825303413259e-06,0.07396414544312792,0.0,0.0,proxy_only,30,False,,
1.8169995077073805e-05,0.0,,8,1,8,,,,congestion_resource,,congestion_resource,6.070825303413259e-06,0.07396414544312792,0.0,0.0,proxy_only,30,False,,
1.8169995077073805e-05,0.0,,8,16,8,,,,congestion_resource,,congestion_resource,6.070825303413259e-06,0.07396414544312792,0.0,0.0,proxy_only,30,False,,
1.8169995077073805e-05,0.0,,8,2,8,,,,congestion_resource,,congestion_resource,6.070825303413259e-06,0.07396414544312792,0.0,0.0,proxy_only,30,False,,
1.8169995077073805e-05,0.0,,8,4,8,,,,congestion_resource,,congestion_resource,6.070825303413259e-06,0.07396414544312792,0.0,0.0,proxy_only,30,False,,
1.8169995077073805e-05,0.0,,8,8,8,,,,congestion_resource,,congestion_resource,6.070825303413259e-06,0.07396414544312792,0.0,0.0,proxy_only,30,False,,
0.002881474256605354,0.0008103371049004031,,8,0,8,,,,congestion_resource,,congestion_resource,0.001774313324547642,0.07219590294388371,0.0,0.0,paired_lucb,30,False,,
0.0026721610302612372,0.0006574275908605025,,8,1,8,,,,congestion_resource,,congestion_resource,0.0015847011424709198,0.07238551512596042,1.0,0.0,paired_lucb,30,False,,
0.0008568576673543641,5.7720246551821544e-05,,8,2,8,,,,congestion_resource,,congestion_resource,0.0004088723037948087,0.07356134396463652,2.0,0.0,paired_lucb,30,False,,
0.00017316073965546465,0.0,,8,4,8,,,,congestion_resource,,congestion_resource,5.7720246551821544e-05,0.07391249602187953,4.0,0.0,paired_lucb,30,False,,
0.0,0.0,,8,16,8,,,,congestion_resource,,congestion_resource,0.0,0.07397021626843132,8.0,0.0,paired_lucb,30,False,,
0.0,0.0,,8,8,8,,,,congestion_resource,,congestion_resource,0.0,0.07397021626843132,8.0,0.0,paired_lucb,30,False,,
0.002912900085334268,0.0008079512112933277,,8,0,8,,,,congestion_resource,,congestion_resource,0.001774313324547642,0.07219590294388371,0.0,0.0,global_voi,30,False,,
0.0028570633071139844,0.000811018123227647,,8,1,8,,,,congestion_resource,,congestion_resource,0.001774313324547642,0.07219590294388371,1.0,0.0,global_voi,30,False,,
0.0028853239518142042,0.0008243726426479996,,8,2,8,,,,congestion_resource,,congestion_resource,0.001774313324547642,0.07219590294388371,2.0,0.0,global_voi,30,False,,
0.002945933074537854,0.0009487667259093785,,8,4,8,,,,congestion_resource,,congestion_resource,0.0018940746038218234,0.07207614166460953,4.0,0.0,global_voi,30,False,,
0.0,0.0,,8,16,8,,,,congestion_resource,,congestion_resource,0.0,0.07397021626843132,8.0,0.0,global_voi,30,False,,
0.0,0.0,,8,8,8,,,,congestion_resource,,congestion_resource,0.0,0.07397021626843132,8.0,0.0,global_voi,30,False,,
0.0028620100898785576,0.0008228293303863972,,8,0,8,,,,congestion_resource,,congestion_resource,0.001774313324547642,0.07219590294388371,0.0,0.0,pivot_voi,30,False,,
0.0036559485626222344,0.0010150701737236109,,8,1,8,,,,congestion_resource,,congestion_resource,0.0022423166811892602,0.07172789958724209,1.0,0.0,pivot_voi,30,False,,
0.0034160942253027094,0.001018407565995382,,8,2,8,,,,congestion_resource,,congestion_resource,0.0021140910606156195,0.07185612520781573,2.0,0.0,pivot_voi,30,False,,
0.002780942340459723,0.0009290568271100545,,8,4,8,,,,congestion_resource,,congestion_resource,0.0018050903772780958,0.07216512589115326,4.0,0.0,pivot_voi,30,False,,
0.0,0.0,,8,16,8,,,,congestion_resource,,congestion_resource,0.0,0.07397021626843132,8.0,0.0,pivot_voi,30,False,,
0.0,0.0,,8,8,8,,,,congestion_resource,,congestion_resource,0.0,0.07397021626843132,8.0,0.0,pivot_voi,30,False,,
,,4,,4,,0.003683277817404781,0.0017286364512818135,Proxy - PIVOT-VOI,performative_control,0.002628389292718187,forest,,,,,,,,,30
,,4,,4,,0.0036765863511164505,0.0017162793232354415,Proxy - Paired LUCB,performative_control,0.002628389292718187,forest,,,,,,,,,30
,,4,,4,,0.0036871949599610893,0.0017172483907839896,Proxy - Global-VOI,performative_control,0.002628389292718187,forest,,,,,,,,,30
,,8,,4,,0.004673206618034812,0.002048071142331793,Proxy - PIVOT-VOI,performative_control,0.0032839643349830954,forest,,,,,,,,,30
,,8,,4,,0.006124320543554578,0.0036130380168833756,Proxy - Paired LUCB,performative_control,0.004838526742682748,forest,,,,,,,,,30
,,8,,4,,0.004574654549716638,0.001807517644347416,Proxy - Global-VOI,performative_control,0.003094292712916244,forest,,,,,,,,,30
,,16,,4,,0.006945966577501131,0.003499575395300105,Proxy - PIVOT-VOI,performative_control,0.005163669754586246,forest,,,,,,,,,30
,,16,,4,,0.008459142053984585,0.005164907406022091,Proxy - Paired LUCB,performative_control,0.00675482240809421,forest,,,,,,,,,30
,,16,,4,,0.007013467322544643,0.003495486023044979,Proxy - Global-VOI,performative_control,0.005185054778295543,forest,,,,,,,,,30
,,4,,4,,0.0,0.0,Proxy - PIVOT-VOI,congestion_resource,0.0,forest,,,,,,,,,30
,,4,,4,,0.0,0.0,Proxy - Paired LUCB,congestion_resource,0.0,forest,,,,,,,,,30
,,4,,4,,0.0,0.0,Proxy - Global-VOI,congestion_resource,0.0,forest,,,,,,,,,30
,,8,,4,,-0.0009152263010233755,-0.0027655019912291453,Proxy - PIVOT-VOI,congestion_resource,-0.0017990195519746825,forest,,,,,,,,,30
,,8,,4,,1.808503341074186e-05,-0.00017311825882229865,Proxy - Paired LUCB,congestion_resource,-5.1649421248408287e-05,forest,,,,,,,,,30
,,8,,4,,-0.0009307752802628712,-0.0029788589419711057,Proxy - Global-VOI,congestion_resource,-0.00188800377851841,forest,,,,,,,,,30
,,16,,4,,-0.001657103791871473,-0.0036134140516841805,Proxy - PIVOT-VOI,congestion_resource,-0.002600732617734954,forest,,,,,,,,,30
,,16,,4,,-9.06568453550601e-05,-0.0010167490824960473,Proxy - Paired LUCB,congestion_resource,-0.0004798357254187091,forest,,,,,,,,,30
,,16,,4,,-0.0011238850140618617,-0.002779894952855493,Proxy - Global-VOI,congestion_resource,-0.001919964743696508,forest,,,,,,,,,30
