CISR,CISR_ci_high,CISR_ci_low,CISR_cumulative_mean,CTI,CTI_ci_high,CTI_ci_low,CTI_cumulative_mean,environment_id,frozen_external_null,method,round,seed_n,source_status
0.0,,,,84.34214379697951,,,,mpe2_frozen_external_null,True,proxy_only,,386,HYPOTHESIS_NOT_SUPPORTED
0.0,,,,79.88145759644509,,,,mpe2_frozen_external_null,True,pivot_voi,,386,HYPOTHESIS_NOT_SUPPORTED
0.0,,,,66.11788867497818,,,,mpe2_frozen_external_null,True,proxy_only,,386,HYPOTHESIS_NOT_SUPPORTED
0.0,,,,62.84414032805025,,,,mpe2_frozen_external_null,True,pivot_voi,,386,HYPOTHESIS_NOT_SUPPORTED
,0.005924426542947529,0.003550349652258253,0.004704815220015998,,0.006439345224731603,0.0039368067625420436,0.005230538669292985,performative_control,False,proxy_only,0,30,
,0.06347937181788503,0.0497759619242724,0.056323083957187686,,-0.05203978462012767,-0.06631275191797399,-0.05873618219528444,performative_control,False,proxy_only,1,30,
,0.19914256302366087,0.16455058263049496,0.18194229982175245,,-0.19823109066088906,-0.22974375186192036,-0.21399994807297135,performative_control,False,proxy_only,2,30,
,0.4080197048465528,0.343055010216352,0.37436131786985244,,-0.43638840884931274,-0.4983082478107922,-0.4662112024024694,performative_control,False,proxy_only,3,30,
,0.7434969843631899,0.6137446384308021,0.6761388048500052,,-0.779334729400235,-0.8902657309259656,-0.8343948390071395,performative_control,False,proxy_only,4,30,
,1.2357567966274294,1.051516564877822,1.1435694849845968,,-1.2877993942647301,-1.4691190287318685,-1.3799980303999948,performative_control,False,proxy_only,5,30,
,1.6788852551823341,1.4761451405153843,1.576388471956146,,-1.5077605907155314,-1.7664339858282372,-1.6394796224758301,performative_control,False,proxy_only,6,30,
,2.0831937826105875,1.899906024757413,1.9914042836289745,,-1.6944279440513899,-1.867942444826307,-1.784578655901289,performative_control,False,proxy_only,7,30,
,2.480345921251366,2.2934667493952783,2.3887319908871674,,-1.742390320767745,-1.9203983135137268,-1.8320551102272817,performative_control,False,proxy_only,8,30,
,2.7600830297228383,2.577258081977279,2.66977215054504,,-1.9862153022492737,-2.085983895067781,-2.0381839976203953,performative_control,False,proxy_only,9,30,
,3.048150133218787,2.8130107797609623,2.9295780773483835,,-1.9785280979520055,-2.076825100953104,-2.0253789750006104,performative_control,False,proxy_only,10,30,
,3.199245772861717,2.9608622340236517,3.07938135522894,,-2.1554442199221273,-2.2202155273176234,-2.189042898055837,performative_control,False,proxy_only,11,30,
,3.3549223711796072,3.0938972277588377,3.224724330146422,,-2.099167633162904,-2.187913776872758,-2.142780289343509,performative_control,False,proxy_only,12,30,
,3.4574868708710462,3.187242187180898,3.3222355969049273,,-2.2600239265307804,-2.309004596521974,-2.285721539296129,performative_control,False,proxy_only,13,30,
,3.5737265474393194,3.2816144414065067,3.4270111042481166,,-2.206333168485814,-2.277490799210249,-2.240894143792898,performative_control,False,proxy_only,14,30,
,3.6400569508032525,3.3436015123599065,3.4915410113344354,,-2.3157413443156454,-2.369437969475102,-2.3432810319444752,performative_control,False,proxy_only,15,30,
,3.712371739949843,3.40767270055615,3.559990301719169,,-2.2640756909898276,-2.3225249094604785,-2.2929469157589684,performative_control,False,proxy_only,16,30,
,3.768001880492717,3.4638257627133466,3.615713088272375,,-2.3385902570788213,-2.4032541898941666,-2.3713671767227984,performative_control,False,proxy_only,17,30,
,3.8258753762483653,3.519491137281207,3.672369836411911,,-2.321984651761172,-2.373499476508634,-2.3472276566755346,performative_control,False,proxy_only,18,30,
,3.8760879690785037,3.5665920200923096,3.721238481491148,,-2.3442381276735484,-2.413025248250984,-2.3793313145462838,performative_control,False,proxy_only,19,30,
,3.9204992996824526,3.608579613354625,3.7648542124168523,,-2.363666775632372,-2.418203295929649,-2.3904249827508055,performative_control,False,proxy_only,20,30,
,3.958295986373201,3.647225969186442,3.802919262554769,,-2.3677887165020723,-2.439406178901828,-2.403566539445786,performative_control,False,proxy_only,21,30,
,4.000533589872392,3.6844443782647263,3.8434565389452233,,-2.3920614241251275,-2.4454850073949563,-2.418313655530311,performative_control,False,proxy_only,22,30,
,4.0372528160004135,3.720495013411905,3.8800901202918365,,-2.3889054628705635,-2.4516656353664192,-2.4199684254441256,performative_control,False,proxy_only,23,30,
,4.070605710385014,3.750261453433286,3.911803717041684,,-2.4297229348058633,-2.4770822602536913,-2.4529240647746717,performative_control,False,proxy_only,24,30,
,4.102907421227247,3.780636265931288,3.943157840575449,,-2.419040611712516,-2.4692167119102564,-2.444301222798721,performative_control,False,proxy_only,25,30,
,4.1317251755320195,3.8081681758314447,3.9711978188764863,,-2.449039318112804,-2.493695787004034,-2.4708356949209684,performative_control,False,proxy_only,26,30,
,4.165184000205015,3.8381931358342536,4.002287787429558,,-2.4316148010253196,-2.479234984379333,-2.4554499300649684,performative_control,False,proxy_only,27,30,
,4.191072574038686,3.862635026016397,4.027790792251445,,-2.4395304706903005,-2.489045926147435,-2.4649036885168227,performative_control,False,proxy_only,28,30,
,4.21626149642393,3.885850667277704,4.051518561497628,,-2.441519425843633,-2.4944969567128155,-2.4680112484841774,performative_control,False,proxy_only,29,30,
,4.24137933093871,3.9092736917394846,4.076343171816664,,-2.4517644915500543,-2.5072155403887777,-2.4808936021006085,performative_control,False,proxy_only,30,30,
,4.266880658481277,3.933398788272518,4.100751773364999,,-2.4569821717378146,-2.5042789704965256,-2.479959202051539,performative_control,False,proxy_only,31,30,
,4.28675688279625,3.9511098509626588,4.120056471120173,,-2.463355333962389,-2.51984179127649,-2.491704387076127,performative_control,False,proxy_only,32,30,
,4.308906817249559,3.971763289284042,4.14176897220652,,-2.4667173231205264,-2.5103795305449372,-2.4875440454514854,performative_control,False,proxy_only,33,30,
,4.332430758402759,3.9947416770037285,4.165085234756428,,-2.4644656657146524,-2.523141390691136,-2.493559566966429,performative_control,False,proxy_only,34,30,
,4.35353854656322,4.016148053582672,4.186200491318494,,-2.4759689223798724,-2.5272685396078423,-2.5016169158500263,performative_control,False,proxy_only,35,30,
,4.374128406011166,4.036918578333431,4.2068140677097405,,-2.467278518180807,-2.528211684441637,-2.496940110607902,performative_control,False,proxy_only,36,30,
,4.392167955307355,4.0552587113324705,4.224731495669753,,-2.4728654287875145,-2.5309862986298155,-2.5024881573418276,performative_control,False,proxy_only,37,30,
,4.409874187386679,4.072255987192924,4.242299390771802,,-2.4747325158216733,-2.526320790170225,-2.5001383131533754,performative_control,False,proxy_only,38,30,
,4.430577744305958,4.09229439217237,4.263059574924713,,-2.4791042308251527,-2.543651270740374,-2.5117450128703758,performative_control,False,proxy_only,39,30,
,0.0031094118129010697,0.001289840240001353,0.0021196966409165094,,0.008547307936700853,0.006971725976080055,0.007815657248392473,performative_control,False,global_voi,0,30,
,0.017474141594350914,0.007975132451089422,0.012470986156777575,,-0.003479457204508764,-0.014369643382178414,-0.00871028940982773,performative_control,False,global_voi,1,30,
,0.04480094988405154,0.027040769050564666,0.035436419830574745,,-0.036331245292833235,-0.057940078917916596,-0.04685867999270594,performative_control,False,global_voi,2,30,
,0.08373933233414428,0.05243674810792987,0.0670846989693619,,-0.09017085023271745,-0.1283299357175763,-0.10860487937297747,performative_control,False,global_voi,3,30,
,0.13907714966641352,0.08031822655717345,0.10694241332487421,,-0.15046609403672326,-0.2215464490743833,-0.18333983499137016,performative_control,False,global_voi,4,30,
,0.21597198415780078,0.1332418065745724,0.1712500679991308,,-0.24051702032236083,-0.336682755419715,-0.28589463265015286,performative_control,False,global_voi,5,30,
,0.2833514186668618,0.1760182371911919,0.22511526069443852,,-0.29251206470827146,-0.4110451161710922,-0.34568488004492404,performative_control,False,global_voi,6,30,
,0.3070575295268374,0.1969020399704819,0.2475412493983954,,-0.1757009015965048,-0.2598178543657067,-0.21494371714941,performative_control,False,global_voi,7,30,
,0.38019818442579917,0.23878283396304273,0.3030880157715678,,-0.1843854467844591,-0.29576542592784094,-0.23400749125751044,performative_control,False,global_voi,8,30,
,0.4252969788145385,0.2670395094092599,0.33889490173671616,,-0.13960206788780877,-0.23075655256157004,-0.18140439186374605,performative_control,False,global_voi,9,30,
,0.45177628454977437,0.29501592801425236,0.3673584576529431,,-0.11378606826591571,-0.18171776374959536,-0.14645457808599813,performative_control,False,global_voi,10,30,
,0.49754676333373327,0.32302797776072195,0.40392109065661963,,-0.1106297435643783,-0.19397461807331653,-0.149194405174559,performative_control,False,global_voi,11,30,
,0.5333094451127068,0.33802510257259294,0.42723608517357486,,-0.06651566233406092,-0.15775934332137148,-0.1041360428323959,performative_control,False,global_voi,12,30,
,0.5676911706968494,0.3612964670491311,0.45648659030005817,,-0.08864927325684764,-0.17462294900844863,-0.12852763017101043,performative_control,False,global_voi,13,30,
,0.5809755372035272,0.3708043314091392,0.4676302044759218,,-0.04745673992986376,-0.09720994432165252,-0.07024873196383664,performative_control,False,global_voi,14,30,
,0.6309239387443977,0.3916151026613332,0.5000637524869801,,-0.07634275150218602,-0.16221132910288186,-0.11470018958789231,performative_control,False,global_voi,15,30,
,0.6362517626514694,0.3965640960297597,0.5052557973125004,,-0.032837374151850014,-0.07704417897605215,-0.05269467931212708,performative_control,False,global_voi,16,30,
,0.6735950095827079,0.4192274941446466,0.5353145299753085,,-0.06624117423243159,-0.1390092938580804,-0.0999584780643447,performative_control,False,global_voi,17,30,
,0.6798076451640818,0.42559715763727013,0.5416938875935295,,-0.028250000411723392,-0.06402816052804466,-0.04460724323090474,performative_control,False,global_voi,18,30,
,0.7010857588982532,0.43984252874376306,0.5594278176796851,,-0.04202068244985638,-0.08498936116621522,-0.061660847330834,performative_control,False,global_voi,19,30,
,0.7063912170587383,0.4442642298080579,0.5640940772762939,,-0.023787079924043657,-0.051809418511879056,-0.036473573347312015,performative_control,False,global_voi,20,30,
,0.7224074380986512,0.4534512092584174,0.5763628335984367,,-0.03466686135349306,-0.06722867803775677,-0.04940935411507614,performative_control,False,global_voi,21,30,
,0.7281522788625302,0.4586267076244721,0.5822085343765452,,-0.01823415908173319,-0.03987626145631178,-0.02814722228948631,performative_control,False,global_voi,22,30,
,0.7360413073415296,0.46644890565469055,0.5901652902198936,,-0.026062320862245695,-0.04903211654655106,-0.03654104848276415,performative_control,False,global_voi,23,30,
,0.7429409838675899,0.47147108413269817,0.5961172873650559,,-0.01721406953767513,-0.034185618106353184,-0.025264443701449722,performative_control,False,global_voi,24,30,
,0.7496214323046118,0.4788993902884175,0.6035978488170695,,-0.019910480208633622,-0.03929791670308473,-0.029098978624925744,performative_control,False,global_voi,25,30,
,0.7559973303422796,0.48458344107059587,0.6093853714962169,,-0.01701776670370011,-0.03165177349828293,-0.024208959141606066,performative_control,False,global_voi,26,30,
,0.7659866113343465,0.4928883220142065,0.6176774852765284,,-0.01648889916256408,-0.03384798533105807,-0.02472087222962203,performative_control,False,global_voi,27,30,
,0.7706835331860845,0.497541155926807,0.6221886335678096,,-0.016442339313579385,-0.03111325942727691,-0.02380123531837465,performative_control,False,global_voi,28,30,
,0.7760438800272589,0.5027288479770962,0.6271253136580129,,-0.012414613176427619,-0.02929509165778319,-0.020620223057692632,performative_control,False,global_voi,29,30,
,0.7789999062011168,0.5065238792754175,0.6306053304983805,,-0.012631569425003781,-0.028271314713643504,-0.0205943294705019,performative_control,False,global_voi,30,30,
,0.7839880450006584,0.5121982629510137,0.6356353118836774,,-0.011250527956622618,-0.027382278192979427,-0.01941014595093359,performative_control,False,global_voi,31,30,
,0.7905681756510184,0.5195593663261613,0.6428207496649109,,-0.016195218638452493,-0.032377075830453315,-0.024560605842922925,performative_control,False,global_voi,32,30,
,0.7958523031691034,0.5266065242649348,0.6489135452975486,,-0.012829604279652997,-0.02977051381059217,-0.02146089405197896,performative_control,False,global_voi,33,30,
,0.8021661233047811,0.5328642771008719,0.6550487692198205,,-0.013897300881074623,-0.031180350869264014,-0.022826716887471208,performative_control,False,global_voi,34,30,
,0.807352094961483,0.538865221892308,0.660873081944776,,-0.015185451115375512,-0.03336284352431896,-0.02429463627957823,performative_control,False,global_voi,35,30,
,0.8160561663156172,0.5483889333629488,0.6699244443833804,,-0.018777229316605484,-0.03711486667521684,-0.027662487822067913,performative_control,False,global_voi,36,30,
,0.8204709918980315,0.5534928554201622,0.6748396174658209,,-0.018343904116819472,-0.03797545277502459,-0.028028179899612714,performative_control,False,global_voi,37,30,
,0.828441939868554,0.5633818998492732,0.6838316582660099,,-0.019770123872938243,-0.04109070407569207,-0.030168147330535702,performative_control,False,global_voi,38,30,
,0.8345504843194435,0.5697092290338417,0.6900945550699886,,-0.019148217841399025,-0.039179080236263125,-0.029325402550510745,performative_control,False,global_voi,39,30,
,0.004033434291768773,0.0019310457793964729,0.0029052748992261816,,0.008084953480060811,0.005777573374567874,0.007030078990082801,performative_control,False,pivot_voi,0,30,
,0.03351849918335781,0.02009632436896168,0.02636784396094867,,-0.01851100224950345,-0.03413543950347651,-0.025974049929297787,performative_control,False,pivot_voi,1,30,
,0.10283149501012583,0.06479946896173401,0.08287619426165702,,-0.08382803441425203,-0.12290007073147208,-0.10273388175903393,performative_control,False,pivot_voi,2,30,
,0.19390618564968617,0.1375487014544405,0.16526904275551377,,-0.19379621219850193,-0.2610846305017146,-0.22675870340367194,performative_control,False,pivot_voi,3,30,
,0.3554049038749437,0.24651824061574212,0.2991828393991591,,-0.34571454126232537,-0.4722129405590427,-0.4066519798271913,performative_control,False,pivot_voi,4,30,
,0.5938018381708727,0.4073619695374729,0.4971720691686129,,-0.553519795833366,-0.7632120662043951,-0.6566253741292044,performative_control,False,pivot_voi,5,30,
,0.6843184424709163,0.4824419985917555,0.581486486262206,,-0.41239091184664484,-0.6269927335713547,-0.5116557830553645,performative_control,False,pivot_voi,6,30,
,0.7920091538553772,0.5487063050785425,0.6663834225774086,,-0.47203196142779114,-0.6955599423231026,-0.5778869512106023,performative_control,False,pivot_voi,7,30,
,0.8748079145602027,0.6134166159040385,0.7414185167227151,,-0.32838345293167337,-0.5271935481076416,-0.42051738732515853,performative_control,False,pivot_voi,8,30,
,0.9243537515418802,0.6547930890400738,0.7877484689100708,,-0.37013431958479376,-0.5506729727005216,-0.45640644637454364,performative_control,False,pivot_voi,9,30,
,0.9745180458080553,0.6903221559063217,0.8302135420181925,,-0.24143176306159164,-0.38478958119521833,-0.30897298178484117,performative_control,False,pivot_voi,10,30,
,0.9984233634271493,0.7108685561002043,0.8528020613049886,,-0.26231034292807776,-0.4166715391250039,-0.33518972190719765,performative_control,False,pivot_voi,11,30,
,1.0336737124865876,0.734626275502977,0.881994005688069,,-0.18510925715583346,-0.3107166636818233,-0.2451184803319684,performative_control,False,pivot_voi,12,30,
,1.0690496180164364,0.7528072619564223,0.907984720319117,,-0.18370102327398788,-0.3260876681688504,-0.2501974983999375,performative_control,False,pivot_voi,13,30,
,1.0948895293630632,0.7649535873757014,0.9263091963624418,,-0.11909318018302623,-0.21650193831098655,-0.16638401323185756,performative_control,False,pivot_voi,14,30,
,1.103583257271642,0.7729818146324016,0.9353249265266891,,-0.12220883042817153,-0.22380031448356283,-0.17050747269998917,performative_control,False,pivot_voi,15,30,
,1.1276198811972724,0.7855545608914318,0.9522920785718494,,-0.08511944810916815,-0.15807501852093542,-0.12100371230138271,performative_control,False,pivot_voi,16,30,
,1.1406641493342147,0.7944844673662231,0.9623554593645345,,-0.07411071678530826,-0.16231675234632176,-0.11493887536913348,performative_control,False,pivot_voi,17,30,
,1.146898048762366,0.7977785731236365,0.9680174120694633,,-0.05200523110856001,-0.10854673699803481,-0.07854349953534369,performative_control,False,pivot_voi,18,30,
,1.1616223653640385,0.8064536717449269,0.9788881352356307,,-0.04098663417297199,-0.10021876365173045,-0.0677659425984917,performative_control,False,pivot_voi,19,30,
,1.1633404401111143,0.8091160024199228,0.9811934973847817,,-0.032124008466775586,-0.06897109721820108,-0.04992565892113976,performative_control,False,pivot_voi,20,30,
,1.169671494044681,0.8121110908567611,0.9859238196249424,,-0.02569580956327666,-0.06631819390953776,-0.04430059149339541,performative_control,False,pivot_voi,21,30,
,1.1756894268996467,0.8176869826696861,0.9915161512738161,,-0.024928769164833765,-0.04756768002019246,-0.03613071195558378,performative_control,False,pivot_voi,22,30,
,1.1818048612474141,0.8235491582902258,0.9975546170631626,,-0.022077301052370372,-0.051687954558218736,-0.03554216930922058,performative_control,False,pivot_voi,23,30,
,1.187299828610454,0.8290475570059587,1.0035833829979726,,-0.019966317406588184,-0.037021462077784506,-0.028543206067500958,performative_control,False,pivot_voi,24,30,
,1.191333294156952,0.8344593972731047,1.0080148367478599,,-0.01958590676319367,-0.03923706717350379,-0.029156531732968012,performative_control,False,pivot_voi,25,30,
,1.1984746766955925,0.8417485782720387,1.0156437329480843,,-0.02033891450837732,-0.03675126476684752,-0.0285562345758453,performative_control,False,pivot_voi,26,30,
,1.2057364162020676,0.8521864646025485,1.0242069646391256,,-0.02124127006423742,-0.037346618643459346,-0.029167835568201194,performative_control,False,pivot_voi,27,30,
,1.2148772187940629,0.8604331592810128,1.032642093440058,,-0.018372753724581057,-0.036254951018966045,-0.027292963338540636,performative_control,False,pivot_voi,28,30,
,1.222066507779287,0.8682369963437895,1.0401899407915625,,-0.020006209529489193,-0.03755432613939432,-0.02863546526305302,performative_control,False,pivot_voi,29,30,
,1.236645075785084,0.8810222224660496,1.0538855913056144,,-0.02578249423126553,-0.04840924734393566,-0.036745258875036976,performative_control,False,pivot_voi,30,30,
,1.2479219205660632,0.8952128692224179,1.0671587651729126,,-0.030241207830877758,-0.04739090724075965,-0.03866386492387792,performative_control,False,pivot_voi,31,30,
,1.2613737449321174,0.9071865353899021,1.0794316218417346,,-0.028342452009369263,-0.05501031719388419,-0.04118846325630329,performative_control,False,pivot_voi,32,30,
,1.2744495883569196,0.9218887160095869,1.0936532896368754,,-0.035269922550615763,-0.05647713427528163,-0.04567803626775842,performative_control,False,pivot_voi,33,30,
,1.3019506773962868,0.9424225180219366,1.1167699503092856,,-0.0353772152623902,-0.07782602328797598,-0.05503378646501819,performative_control,False,pivot_voi,34,30,
,1.3149874669390087,0.9572776541396052,1.13031718430732,,-0.0367377955860393,-0.06382005550358578,-0.04990916996801899,performative_control,False,pivot_voi,35,30,
,1.3440441550122506,0.9783739160578918,1.1548482954113992,,-0.03780200168947895,-0.09144213697117085,-0.06237216042211553,performative_control,False,pivot_voi,36,30,
,1.3568506381253242,0.9922963386702657,1.168401484334287,,-0.03968336049489461,-0.0754865064947683,-0.056358115311814685,performative_control,False,pivot_voi,37,30,
,1.3856367966751686,1.0090575857599966,1.1909518018833054,,-0.03614798125156647,-0.10158595545329957,-0.06450087065437242,performative_control,False,pivot_voi,38,30,
,1.4074399341697776,1.0326678011436283,1.2135753116224648,,-0.043481361530734994,-0.08976358205202707,-0.06499413646903963,performative_control,False,pivot_voi,39,30,
,0.0,0.0,0.0,,0.010376670847690582,0.009481649046509309,0.009935353889308985,performative_control,False,all_hf,0,30,
,0.0,0.0,0.0,,0.004701257774606194,0.002212037523998815,0.003462436891953913,performative_control,False,all_hf,1,30,
,0.0,0.0,0.0,,-0.004774300345513229,-0.009156971685857086,-0.006884718410831132,performative_control,False,all_hf,2,30,
,0.0,0.0,0.0,,-0.02085076396107297,-0.029526766493303293,-0.025036839895260635,performative_control,False,all_hf,3,30,
,0.0,0.0,0.0,,-0.03874891918148762,-0.05255368648394852,-0.045451405987654354,performative_control,False,all_hf,4,30,
,0.0,0.0,0.0,,-0.058988945194999025,-0.07626916833981694,-0.06718347208809869,performative_control,False,all_hf,5,30,
,0.0,0.0,0.0,,-0.08100418581626712,-0.10652449521370921,-0.09284364363745744,performative_control,False,all_hf,6,30,
,0.0,0.0,0.0,,-0.0286409704322909,-0.05546567726907341,-0.040956036181084315,performative_control,False,all_hf,7,30,
,0.0,0.0,0.0,,-0.033376418513546335,-0.05421907654457784,-0.042936368287261724,performative_control,False,all_hf,8,30,
,0.0,0.0,0.0,,-0.018351144035405262,-0.03488026391202606,-0.02618102948926045,performative_control,False,all_hf,9,30,
,0.0,0.0,0.0,,-0.017793345016365134,-0.029637795328432234,-0.02312275891960704,performative_control,False,all_hf,10,30,
,0.0,0.0,0.0,,-0.015453821497959814,-0.02537062339342528,-0.02031980882384998,performative_control,False,all_hf,11,30,
,0.0,0.0,0.0,,-0.012730074795513953,-0.020765636947472698,-0.016719288724302957,performative_control,False,all_hf,12,30,
,0.0,0.0,0.0,,-0.015137043812707822,-0.024660932823314535,-0.019977285735992015,performative_control,False,all_hf,13,30,
,0.0,0.0,0.0,,-0.01295750463338333,-0.022812491326645482,-0.017761754425344452,performative_control,False,all_hf,14,30,
,0.0,0.0,0.0,,-0.013408475469218353,-0.024164471493922663,-0.01873176471847495,performative_control,False,all_hf,15,30,
,0.0,0.0,0.0,,-0.011226912179579907,-0.022342268440731186,-0.016693007169806172,performative_control,False,all_hf,16,30,
,0.0,0.0,0.0,,-0.013239258695212754,-0.025209878253920508,-0.01920164914795482,performative_control,False,all_hf,17,30,
,0.0,0.0,0.0,,-0.010249740146413869,-0.021683081904989507,-0.01584997520656871,performative_control,False,all_hf,18,30,
,0.0,0.0,0.0,,-0.011376349702215975,-0.02327777321826441,-0.01730637530678281,performative_control,False,all_hf,19,30,
,0.0,0.0,0.0,,-0.009161257011067256,-0.02094055760661222,-0.014963896049931908,performative_control,False,all_hf,20,30,
,0.0,0.0,0.0,,-0.010416440861961838,-0.022295933620448388,-0.016253582159580924,performative_control,False,all_hf,21,30,
,0.0,0.0,0.0,,-0.009072978369692897,-0.02069674911936741,-0.014843173380352811,performative_control,False,all_hf,22,30,
,0.0,0.0,0.0,,-0.009351867185589058,-0.021338197538794155,-0.015298665111730395,performative_control,False,all_hf,23,30,
,0.0,0.0,0.0,,-0.009031183164440812,-0.020785091276152756,-0.014928743281551728,performative_control,False,all_hf,24,30,
,0.0,0.0,0.0,,-0.009345635306122743,-0.021288215132339895,-0.015222933792917536,performative_control,False,all_hf,25,30,
,0.0,0.0,0.0,,-0.008690353417162702,-0.020095964643506693,-0.014267459660488169,performative_control,False,all_hf,26,30,
,0.0,0.0,0.0,,-0.006475508370332565,-0.018793758385298665,-0.012556687425576278,performative_control,False,all_hf,27,30,
,0.0,0.0,0.0,,-0.007472239502292478,-0.01948499819045823,-0.013397839786186227,performative_control,False,all_hf,28,30,
,0.0,0.0,0.0,,-0.006139802944191001,-0.019286226263693695,-0.012622006371436586,performative_control,False,all_hf,29,30,
,0.0,0.0,0.0,,-0.007163748194735715,-0.020360467356170406,-0.013720706544638485,performative_control,False,all_hf,30,30,
,0.0,0.0,0.0,,-0.005088255181840042,-0.017530992433351853,-0.011291184101419723,performative_control,False,all_hf,31,30,
,0.0,0.0,0.0,,-0.0073277851283053445,-0.020556351913092064,-0.01381059730861285,performative_control,False,all_hf,32,30,
,0.0,0.0,0.0,,-0.004994416384147958,-0.018414197541623396,-0.011741775602152405,performative_control,False,all_hf,33,30,
,0.0,0.0,0.0,,-0.007193947844477601,-0.021090304338901078,-0.014042289675731552,performative_control,False,all_hf,34,30,
,0.0,0.0,0.0,,-0.0041749691703718795,-0.017185702850332774,-0.010649062642905383,performative_control,False,all_hf,35,30,
,0.0,0.0,0.0,,-0.00653316857578648,-0.020318637196722198,-0.013269380682841418,performative_control,False,all_hf,36,30,
,0.0,0.0,0.0,,-0.004782649068819972,-0.017833210937533255,-0.011175536365466525,performative_control,False,all_hf,37,30,
,0.0,0.0,0.0,,-0.006071650758524538,-0.01940515153843322,-0.012561913114411124,performative_control,False,all_hf,38,30,
,0.0,0.0,0.0,,-0.0031013368877372137,-0.017579182583838022,-0.010277404981537251,performative_control,False,all_hf,39,30,
,0.0,0.0,0.0,,0.07547234322621972,0.07204639741882377,0.07372724819602845,congestion_resource,False,proxy_only,0,30,
,3.5772671853173676e-05,0.0,1.1924223951057892e-05,,0.15118721476939062,0.1453010578342942,0.1482648993372712,congestion_resource,False,proxy_only,1,30,
,3.5772671853173676e-05,0.0,1.1924223951057892e-05,,0.22626691180667086,0.21937138037903905,0.22276929694360623,congestion_resource,False,proxy_only,2,30,
,3.5772671853173676e-05,0.0,1.1924223951057892e-05,,0.3014532607331926,0.2938468102088946,0.2976248483221801,congestion_resource,False,proxy_only,3,30,
,3.628976069595483e-05,0.0,1.2182768372448471e-05,,0.37497613387730033,0.36735993227228925,0.37120356180351,congestion_resource,False,proxy_only,4,30,
,3.628976069595483e-05,0.0,1.2182768372448471e-05,,0.44786507172621026,0.4382149389054845,0.44302002816650116,congestion_resource,False,proxy_only,5,30,
,0.00014361901102760274,1.4928688911945246e-05,7.052204520897609e-05,,0.4013139897137931,0.39072821070831126,0.39609328097308943,congestion_resource,False,proxy_only,6,30,
,0.00021854671560641263,2.9845153949263717e-05,0.00011312300691072401,,0.47493288962464447,0.4635355616735061,0.4692104227475762,congestion_resource,False,proxy_only,7,30,
,0.00021854671560641263,2.9845153949263717e-05,0.00011312300691072401,,0.43141759202414753,0.41431719630008584,0.4226991281983192,congestion_resource,False,proxy_only,8,30,
,0.0006165760291870457,9.835305340916487e-05,0.0003256920944796497,,0.49023083957938296,0.4598251947281207,0.476042672293873,congestion_resource,False,proxy_only,9,30,
,0.0006191847649711675,0.00010167844034009518,0.00032968294240476315,,0.4598901380456741,0.43596978735251757,0.4476116476506548,congestion_resource,False,proxy_only,10,30,
,0.0022591106258396123,0.0003026684603058192,0.0010574065596445656,,0.47051793850115353,0.4321020652567078,0.4513819648403576,congestion_resource,False,proxy_only,11,30,
,0.002272371678506009,0.00030648147334406435,0.00106663941123775,,0.4870993891822547,0.4609840647852229,0.4736133537736303,congestion_resource,False,proxy_only,12,30,
,0.003021132403432728,0.00043815552650801993,0.0015279015235199996,,0.458058654929968,0.42241674036259513,0.4399382020897745,congestion_resource,False,proxy_only,13,30,
,0.0030851624863021034,0.0005051459753793579,0.001604659564745107,,0.510776184436027,0.48318324600912216,0.4970025279495757,congestion_resource,False,proxy_only,14,30,
,0.0031116745783007285,0.000536544704492919,0.00163044999992585,,0.47155294115447194,0.4394701320498782,0.45540273225133443,congestion_resource,False,proxy_only,15,30,
,0.004516559957705848,0.0012267937081236,0.002673456235973959,,0.519262293367774,0.48394048061872075,0.5020583424069184,congestion_resource,False,proxy_only,16,30,
,0.0052768685664955515,0.0015893449059514392,0.0032332506278916853,,0.4953180919222731,0.4595004045968689,0.47702637070669973,congestion_resource,False,proxy_only,17,30,
,0.0073687775711331815,0.0027499170700238254,0.004864691764045266,,0.5111058733841816,0.47685320213884064,0.49416847843523454,congestion_resource,False,proxy_only,18,30,
,0.00738476202731535,0.002787190753093803,0.004900509722528064,,0.5128308065308572,0.47374165685944997,0.4927506285850671,congestion_resource,False,proxy_only,19,30,
,0.007813347984003363,0.0030817886323069844,0.0052881017029685435,,0.494766304716101,0.4536157531727665,0.4740118060818935,congestion_resource,False,proxy_only,20,30,
,0.0084428851643993,0.0035752187272627377,0.005849204672609695,,0.5229102306674802,0.48700681169074717,0.5047745953603431,congestion_resource,False,proxy_only,21,30,
,0.009472351848344676,0.004281846416201701,0.006723319752921631,,0.4985995011381339,0.4614423920533039,0.4796712989137927,congestion_resource,False,proxy_only,22,30,
,0.01295628134350025,0.0065109922595033756,0.009519211204759645,,0.5249075446884827,0.48798839586201703,0.5063196833666388,congestion_resource,False,proxy_only,23,30,
,0.01451334464329952,0.007410807301622693,0.010676631165440032,,0.5110423135841582,0.4701512750013498,0.49008155583504975,congestion_resource,False,proxy_only,24,30,
,0.01670673528076437,0.009547678567471754,0.012961183627025656,,0.5177383915946053,0.4776166406965051,0.4978644725919785,congestion_resource,False,proxy_only,25,30,
,0.017121298968087784,0.009608429260270208,0.013162290101524816,,0.5164110424441242,0.46766717699307886,0.4923428579773992,congestion_resource,False,proxy_only,26,30,
,0.018807779723419998,0.010902128633386103,0.014652386481234665,,0.5077041172784839,0.4684413996973119,0.48830092173451983,congestion_resource,False,proxy_only,27,30,
,0.019407786987458455,0.011663952645923277,0.015334569676764572,,0.5248063715498104,0.4766738279439425,0.5007426419628193,congestion_resource,False,proxy_only,28,30,
,0.021870776905554685,0.012736215825908767,0.016956320664477685,,0.5139177960375937,0.46914266298782586,0.49141263022178794,congestion_resource,False,proxy_only,29,30,
,0.02265606616225501,0.013646030075825592,0.017811709582451984,,0.5283142518439436,0.48473424958084405,0.5067182213338729,congestion_resource,False,proxy_only,30,30,
,0.023220757944935864,0.014096320367544544,0.01832024245738195,,0.5207372281282712,0.4762143731594579,0.4984826733417459,congestion_resource,False,proxy_only,31,30,
,0.024771046307805637,0.015531842884146446,0.01977912981679493,,0.533343632059511,0.4881741085870349,0.5104928597972552,congestion_resource,False,proxy_only,32,30,
,0.02546860209708765,0.016099088523872207,0.02037734832928471,,0.5334635972597067,0.48675544309786467,0.5103128239832814,congestion_resource,False,proxy_only,33,30,
,0.027069181711916645,0.017411800247106996,0.02191457163204844,,0.5328813279377614,0.48365750813753045,0.5083708833645975,congestion_resource,False,proxy_only,34,30,
,0.027768831212180815,0.01830104597779167,0.022744347814348788,,0.5402535578940325,0.48949476120280233,0.5155094805798003,congestion_resource,False,proxy_only,35,30,
,0.028489942256396353,0.018912454820545117,0.023388150920154917,,0.5326552988059265,0.483636809073124,0.5083297605474182,congestion_resource,False,proxy_only,36,30,
,0.02894492968413055,0.019365594380471605,0.02382337147715007,,0.5358065968675195,0.4835870365629392,0.5105852683138382,congestion_resource,False,proxy_only,37,30,
,0.029451360277559298,0.01992571078087738,0.02438976388044409,,0.5387023922472415,0.48704919887992176,0.5136729118117229,congestion_resource,False,proxy_only,38,30,
,0.030337777107931403,0.02075028466815543,0.025273021055140617,,0.5399886959601172,0.48586373684003054,0.513766233190829,congestion_resource,False,proxy_only,39,30,
,0.0,0.0,0.0,,0.07547234322621972,0.07204639741882377,0.07372724819602845,congestion_resource,False,global_voi,0,30,
,0.0,0.0,0.0,,0.15119600193461594,0.14531950034661695,0.14827682356122227,congestion_resource,False,global_voi,1,30,
,0.0,0.0,0.0,,0.22627457004681453,0.21937698163067726,0.22277493198464268,congestion_resource,False,global_voi,2,30,
,0.0,0.0,0.0,,0.3014629905566177,0.29385389980828197,0.29763193980356006,congestion_resource,False,global_voi,3,30,
,0.0,0.0,0.0,,0.3750258382375996,0.3673812203109802,0.3712489273273153,congestion_resource,False,global_voi,4,30,
,0.0,0.0,0.0,,0.44786333372172343,0.4382093904279221,0.4430192742149134,congestion_resource,False,global_voi,5,30,
,0.008599942401408545,0.005127145734838816,0.006821596284026758,,0.3949705573340545,0.38363897915411344,0.38935098300116994,congestion_resource,False,global_voi,6,30,
,0.008599942401408545,0.005127145734838816,0.006821596284026758,,0.46960018177553686,0.4575501441447487,0.4635650184093692,congestion_resource,False,global_voi,7,30,
,0.01653414384222342,0.012329310615784638,0.014446029902091869,,0.4182162935654561,0.3994380162744554,0.40862502496547304,congestion_resource,False,global_voi,8,30,
,0.01666170071394418,0.012896096101934866,0.014735390876160652,,0.4833697427986178,0.4618114137112473,0.4725486346232731,congestion_resource,False,global_voi,9,30,
,0.02460755327367679,0.018527433563950788,0.021492592400680764,,0.4373727158788568,0.41280007130025065,0.4248469773558837,congestion_resource,False,global_voi,10,30,
,0.026163995050990194,0.020366688562520687,0.02316508690761197,,0.47539762817262055,0.4421309042380233,0.4593868817447619,congestion_resource,False,global_voi,11,30,
,0.030340791586864365,0.023555615753503834,0.02680761655466872,,0.4596655146666513,0.4328568074916676,0.44633019107077654,congestion_resource,False,global_voi,12,30,
,0.032992092205284484,0.02665215703004033,0.029772449416571235,,0.47690222804488974,0.4395459715647462,0.45822523174512214,congestion_resource,False,global_voi,13,30,
,0.03565590587576525,0.028157920354683487,0.03182765790814743,,0.4822379498361593,0.4529757811598482,0.467434225158938,congestion_resource,False,global_voi,14,30,
,0.03976285274367097,0.0323494094403673,0.03598345934687264,,0.47936264791929734,0.4386798608964134,0.4591522709208695,congestion_resource,False,global_voi,15,30,
,0.041435502110867994,0.03429626583696818,0.037768113242473984,,0.4953343790270086,0.4661638151300806,0.4803573265564136,congestion_resource,False,global_voi,16,30,
,0.04637830478202662,0.03849670888805978,0.04241353005808108,,0.4811676225505826,0.4413675409467977,0.46167144187256604,congestion_resource,False,global_voi,17,30,
,0.04838071026798986,0.04044880790965221,0.04431001304322885,,0.5057249423945206,0.4751640538902962,0.4900169306841387,congestion_resource,False,global_voi,18,30,
,0.05626636010424464,0.047379649095891214,0.05177102869339378,,0.47526242745368774,0.43740271094827166,0.45596637381805627,congestion_resource,False,global_voi,19,30,
,0.058895643759658556,0.050155255071739395,0.054477155768190615,,0.4994099110465699,0.46284108881393854,0.48167700707892463,congestion_resource,False,global_voi,20,30,
,0.06375501845122386,0.053814323866137735,0.058719663932318394,,0.4779306898737228,0.4413864579869429,0.45944768955676807,congestion_resource,False,global_voi,21,30,
,0.06674206940001616,0.0570311144418242,0.061815098456600145,,0.5011815333552949,0.45581750600780163,0.4789991893902154,congestion_resource,False,global_voi,22,30,
,0.07206782704777079,0.06108483904368529,0.06651517082039364,,0.48368901791289215,0.4428105786496715,0.4630013593974641,congestion_resource,False,global_voi,23,30,
,0.07511320476281232,0.06410212090602484,0.06952031598464806,,0.4968700301320089,0.45280695482638555,0.47535364382259293,congestion_resource,False,global_voi,24,30,
,0.07851603326064059,0.06658052661095486,0.07246162266282948,,0.48853325071284603,0.44785478625184144,0.4682850273436937,congestion_resource,False,global_voi,25,30,
,0.08201972112232382,0.0698279944771504,0.07588959222032016,,0.4912568050113527,0.44646785530381083,0.46937245775309394,congestion_resource,False,global_voi,26,30,
,0.08314184535941062,0.07070616448081217,0.07687933740056531,,0.5061499502950093,0.46053283933920214,0.483777575719859,congestion_resource,False,global_voi,27,30,
,0.08822730871959213,0.07566928944603599,0.08193630841785872,,0.49351597515314166,0.44799831194953993,0.4709944930779713,congestion_resource,False,global_voi,28,30,
,0.0895554149813044,0.07736065848687436,0.08340324903585368,,0.5099510385146816,0.46096891143884655,0.48613052860667055,congestion_resource,False,global_voi,29,30,
,0.09351708262926096,0.08108824250812124,0.08727463442832684,,0.4962780669098242,0.44232850548643654,0.4701850553002451,congestion_resource,False,global_voi,30,30,
,0.09531657561460583,0.08287799298225743,0.08909830264473513,,0.5184008708248569,0.4709434172802081,0.4958226975339436,congestion_resource,False,global_voi,31,30,
,0.09882047060158075,0.08571403460751544,0.09222936842403291,,0.501173836837663,0.4484727267339575,0.47523863443994024,congestion_resource,False,global_voi,32,30,
,0.10261757336566434,0.08973847286542551,0.09614556223526345,,0.5083936444085834,0.4622150576988816,0.48567380943332084,congestion_resource,False,global_voi,33,30,
,0.10607460758301926,0.09225112127565818,0.099148411295023,,0.506347793342833,0.4520967377609541,0.47963821278111235,congestion_resource,False,global_voi,34,30,
,0.11149956723701716,0.09686737447445164,0.10414864222288776,,0.5121546692148592,0.4600180265755099,0.4864155602215517,congestion_resource,False,global_voi,35,30,
,0.11203044208394883,0.09784472178012421,0.10484587599421995,,0.5213991950770518,0.4685808887530237,0.4959591680353105,congestion_resource,False,global_voi,36,30,
,0.1174676884515837,0.10261493565998508,0.10994633766475434,,0.5136830081001198,0.4554095001322835,0.48553226968587937,congestion_resource,False,global_voi,37,30,
,0.11873001554395636,0.1043085872798736,0.11143503058835594,,0.526398039157218,0.47459662370538697,0.5015155229461846,congestion_resource,False,global_voi,38,30,
,0.12288554889301338,0.10820420180805508,0.11551118056049973,,0.5106294798502651,0.456339181028309,0.48470087468684614,congestion_resource,False,global_voi,39,30,
,0.0024420039744571602,0.0005741788129209105,0.0014239352842965773,,0.07412863777467533,0.07058420501825162,0.07230331291173188,congestion_resource,False,pivot_voi,0,30,
,0.005112652053838255,0.0016978040765293291,0.0032913294882652377,,0.14796013191136215,0.14203189733942212,0.14496176859515822,congestion_resource,False,pivot_voi,1,30,
,0.008640809032216293,0.004334487113418554,0.00642777110031203,,0.21985875017272546,0.21300201728915724,0.21639580287198257,congestion_resource,False,pivot_voi,2,30,
,0.010460189841909785,0.006243060128937825,0.0083236080102693,,0.2935025442708927,0.28523080195689615,0.28941877271906635,congestion_resource,False,pivot_voi,3,30,
,0.012903528562317157,0.008180649407293033,0.010507020646092661,,0.3650825990567802,0.35694342766474507,0.361072133299609,congestion_resource,False,pivot_voi,4,30,
,0.0162101639396323,0.010975111132257841,0.01351835503672805,,0.4349926558869562,0.42593086196368424,0.4304975570560422,congestion_resource,False,pivot_voi,5,30,
,0.03200351419043426,0.02272089656563249,0.02717017872346183,,0.3808879577316468,0.36582524868827593,0.3726002827488901,congestion_resource,False,pivot_voi,6,30,
,0.03423603786313037,0.025580502311139244,0.029759094025394464,,0.4472132531150237,0.43434772371409325,0.4408356685182991,congestion_resource,False,pivot_voi,7,30,
,0.04013669912259421,0.03244300480284463,0.03620768063081157,,0.39828845426117904,0.3789192533903753,0.38793005340342485,congestion_resource,False,pivot_voi,8,30,
,0.04155357471710131,0.033807783673528706,0.03762018688116938,,0.46264520249087726,0.4452737415799383,0.45367751328550027,congestion_resource,False,pivot_voi,9,30,
,0.04464394846316612,0.03617982421367903,0.04034384421981766,,0.4133906764612031,0.3929876099557832,0.402628145994619,congestion_resource,False,pivot_voi,10,30,
,0.04655172186116542,0.03785582332091527,0.04213743901613835,,0.4677920587869594,0.4517468306808714,0.45999724392361707,congestion_resource,False,pivot_voi,11,30,
,0.04826231047216548,0.03897620287742682,0.0435306286972795,,0.4358942341251416,0.4131330465655187,0.42409910061601613,congestion_resource,False,pivot_voi,12,30,
,0.048804494925518936,0.039655888115290576,0.04414014492942655,,0.4686089205527478,0.4339728874682884,0.4517380523135736,congestion_resource,False,pivot_voi,13,30,
,0.05040460550746515,0.04069567048390512,0.04541236361900291,,0.4557595360594842,0.4334096993617543,0.4439500446317147,congestion_resource,False,pivot_voi,14,30,
,0.0532460169932831,0.04325942285216978,0.04814024125514594,,0.46136189375888054,0.42018009326496064,0.44073361401868655,congestion_resource,False,pivot_voi,15,30,
,0.05437670194330669,0.04410281133087634,0.049151814733137233,,0.4725161184479545,0.4503015061907958,0.4610121620523078,congestion_resource,False,pivot_voi,16,30,
,0.056268237104575326,0.045492555199015704,0.05068363123718181,,0.4537376731562497,0.4154385142285396,0.43443247966361914,congestion_resource,False,pivot_voi,17,30,
,0.05908811279765725,0.04779488377404641,0.05328136791454642,,0.4852117832533932,0.45501895612414117,0.46988699069528594,congestion_resource,False,pivot_voi,18,30,
,0.06175062567736522,0.05081978321842625,0.056138500888684745,,0.4527298142268058,0.41859500445599285,0.4350591272305435,congestion_resource,False,pivot_voi,19,30,
,0.06431014100754204,0.05259724440548706,0.05836975973030336,,0.48245338785059066,0.4501572591315114,0.46653814245095554,congestion_resource,False,pivot_voi,20,30,
,0.06603399769331172,0.054559057400587765,0.060251428163462,,0.4559823766773479,0.4257629892732976,0.4402000829012303,congestion_resource,False,pivot_voi,21,30,
,0.06984946644798809,0.05688768847913319,0.06326719010283013,,0.4781565748094107,0.44324156996298,0.46107138661815034,congestion_resource,False,pivot_voi,22,30,
,0.07189865454296027,0.05876325748021735,0.06531350655769669,,0.4733086533731525,0.43834637574967394,0.45558045844623946,congestion_resource,False,pivot_voi,23,30,
,0.07550455133017939,0.06083571688983191,0.06791187051998919,,0.472669443540975,0.4298997475568388,0.45205003018431894,congestion_resource,False,pivot_voi,24,30,
,0.07760913931815913,0.06302152811878398,0.07002975483691111,,0.48614960805468865,0.4422459273618556,0.4645770322567678,congestion_resource,False,pivot_voi,25,30,
,0.07973579151384916,0.06453608984271395,0.07192225346003323,,0.4794056904866158,0.4312835649804008,0.4564786128586989,congestion_resource,False,pivot_voi,26,30,
,0.08220452614565606,0.0664655533422333,0.07395233528200058,,0.4991085782184433,0.44904195228736815,0.47445470139390444,congestion_resource,False,pivot_voi,27,30,
,0.08487598935130869,0.06849479518276376,0.07636119925312751,,0.48151647771830036,0.432120602082633,0.45728487792883576,congestion_resource,False,pivot_voi,28,30,
,0.08676247560914606,0.07011171291187568,0.07806708841496098,,0.496871961595935,0.44795461715765156,0.47255576688920914,congestion_resource,False,pivot_voi,29,30,
,0.08867842161843001,0.0720901895758967,0.08005368410874253,,0.49357961355877383,0.4471421741022757,0.47067923820876845,congestion_resource,False,pivot_voi,30,30,
,0.08988513287653134,0.07333545500477356,0.08130505331168107,,0.4982078681269584,0.44744459593928215,0.4731023117576404,congestion_resource,False,pivot_voi,31,30,
,0.09158390576806928,0.07470662281488863,0.08282263592816523,,0.5008338524191526,0.45346903049305365,0.4774769759206702,congestion_resource,False,pivot_voi,32,30,
,0.09440307909207717,0.0766710259086588,0.08529576921477533,,0.4993030949364512,0.45271145816827113,0.4763130887785246,congestion_resource,False,pivot_voi,33,30,
,0.09720475838068136,0.07938805369032055,0.08801554476780721,,0.5064589420719113,0.45381895648022647,0.4807454447943676,congestion_resource,False,pivot_voi,34,30,
,0.09985531293536183,0.08134333424858188,0.09022236521706944,,0.5037407979975858,0.44820405152009735,0.4768321067166644,congestion_resource,False,pivot_voi,35,30,
,0.10109917822114356,0.08256479237339112,0.09149795282738162,,0.5067187100814972,0.4558661276082805,0.4813599022154425,congestion_resource,False,pivot_voi,36,30,
,0.10467292972258742,0.08530509574989796,0.09460094987194836,,0.5042009633648475,0.44748720293668004,0.4766695580821203,congestion_resource,False,pivot_voi,37,30,
,0.10693040750757558,0.08661162126808393,0.09632051399317211,,0.5085249953075317,0.4552240009754246,0.48170353104755465,congestion_resource,False,pivot_voi,38,30,
,0.10856211170083,0.08851712758873126,0.0981209637355556,,0.5086897174559941,0.4523687812349002,0.4806815096730567,congestion_resource,False,pivot_voi,39,30,
,0.0,0.0,0.0,,0.07547234322621972,0.07204639741882377,0.07372724819602845,congestion_resource,False,all_hf,0,30,
,0.0,0.0,0.0,,0.15119600193461594,0.14531950034661695,0.14827682356122227,congestion_resource,False,all_hf,1,30,
,0.0,0.0,0.0,,0.22627457004681453,0.21937698163067726,0.22277493198464268,congestion_resource,False,all_hf,2,30,
,0.0,0.0,0.0,,0.3014629905566177,0.29385389980828197,0.29763193980356006,congestion_resource,False,all_hf,3,30,
,0.0,0.0,0.0,,0.3750258382375996,0.3673812203109802,0.3712489273273153,congestion_resource,False,all_hf,4,30,
,0.0,0.0,0.0,,0.44786333372172343,0.4382093904279221,0.4430192742149134,congestion_resource,False,all_hf,5,30,
,0.0,0.0,0.0,,0.40138855231660037,0.3908107158477029,0.3961725792851968,congestion_resource,False,all_hf,6,30,
,0.0,0.0,0.0,,0.47498979363471455,0.46361750153411907,0.4692843049456423,congestion_resource,False,all_hf,7,30,
,0.0,0.0,0.0,,0.4314791122110347,0.41452740248656256,0.42281544631500306,congestion_resource,False,all_hf,8,30,
,0.0,0.0,0.0,,0.4935548170901154,0.4659425641964656,0.4807385389822615,congestion_resource,False,all_hf,9,30,
,0.0,0.0,0.0,,0.46069987478076346,0.43641477712144916,0.4482746666670151,congestion_resource,False,all_hf,10,30,
,0.0,0.0,0.0,,0.47457296867168824,0.43751455642536397,0.45609083291148417,congestion_resource,False,all_hf,11,30,
,0.0,0.0,0.0,,0.4851302933845409,0.45712143713075126,0.4708822192927444,congestion_resource,False,all_hf,12,30,
,0.0,0.0,0.0,,0.4727031569795697,0.43477797589892725,0.45343468490222166,congestion_resource,False,all_hf,13,30,
,0.0,0.0,0.0,,0.5096170833656555,0.4806249318524439,0.4950519111779341,congestion_resource,False,all_hf,14,30,
,0.0,0.0,0.0,,0.4817217766440925,0.44506674387194345,0.46357916208776223,congestion_resource,False,all_hf,15,30,
,0.0,0.0,0.0,,0.52032793927331,0.4805854999089009,0.5012441674788898,congestion_resource,False,all_hf,16,30,
,0.0,0.0,0.0,,0.4981638000841602,0.46114978795325046,0.4796174653823917,congestion_resource,False,all_hf,17,30,
,0.0,0.0,0.0,,0.5129004940899389,0.4745202915941794,0.49355175594721434,congestion_resource,False,all_hf,18,30,
,0.0,0.0,0.0,,0.5161285012853628,0.47729401076240974,0.49627052773102726,congestion_resource,False,all_hf,19,30,
,0.0,0.0,0.0,,0.5067913606387748,0.4697942452288028,0.4885997513727096,congestion_resource,False,all_hf,20,30,
,0.0,0.0,0.0,,0.525229046737254,0.48767122832200405,0.5058034940618206,congestion_resource,False,all_hf,21,30,
,0.0,0.0,0.0,,0.5135618619846288,0.47916357275048727,0.4962135403539157,congestion_resource,False,all_hf,22,30,
,0.0,0.0,0.0,,0.5289975522238254,0.49009472344947663,0.5091866265153471,congestion_resource,False,all_hf,23,30,
,0.0,0.0,0.0,,0.5156567640454556,0.4793588996529404,0.4971346543308966,congestion_resource,False,all_hf,24,30,
,0.0,0.0,0.0,,0.5338976159623314,0.4947262008648791,0.5140149178735405,congestion_resource,False,all_hf,25,30,
,0.0,0.0,0.0,,0.5247469484193726,0.48618816090097594,0.5049705971534426,congestion_resource,False,all_hf,26,30,
,0.0,0.0,0.0,,0.5348715771036444,0.48878059118340117,0.5113977164636552,congestion_resource,False,all_hf,27,30,
,0.0,0.0,0.0,,0.5308085286971529,0.48701152558429234,0.5083487002151164,congestion_resource,False,all_hf,28,30,
,0.0,0.0,0.0,,0.5370951822465353,0.4910912792564708,0.5136970558319507,congestion_resource,False,all_hf,29,30,
,0.0,0.0,0.0,,0.5362834664791435,0.4952079814979233,0.5152062355636047,congestion_resource,False,all_hf,30,30,
,0.0,0.0,0.0,,0.5408958366494478,0.49743135493704743,0.5190476158761432,congestion_resource,False,all_hf,31,30,
,0.0,0.0,0.0,,0.5341553741383974,0.4882958051852236,0.5117898905163295,congestion_resource,False,all_hf,32,30,
,0.0,0.0,0.0,,0.5380043551483987,0.4928185108188974,0.5155628744851143,congestion_resource,False,all_hf,33,30,
,0.0,0.0,0.0,,0.5311930687712634,0.4855953170785113,0.5085379415709592,congestion_resource,False,all_hf,34,30,
,0.0,0.0,0.0,,0.5388177495645321,0.4872398294832184,0.5133197368410161,congestion_resource,False,all_hf,35,30,
,0.0,0.0,0.0,,0.5325552223359823,0.4836474713042757,0.5078860525993741,congestion_resource,False,all_hf,36,30,
,0.0,0.0,0.0,,0.5438594426199707,0.4883165032202614,0.5156671425270453,congestion_resource,False,all_hf,37,30,
,0.0,0.0,0.0,,0.5404167956717026,0.48480579313912253,0.5123831325098954,congestion_resource,False,all_hf,38,30,
,0.0,0.0,0.0,,0.5493837158218478,0.4913847265528469,0.5201159354954061,congestion_resource,False,all_hf,39,30,
