candidate_index,delta_proxy,delta_true,evaluator_bias,predicted_candidate_value,predicted_incumbent_value,response_strength,seed,selected,selection_group,source_transition_id,transition_id,true_candidate_value,true_incumbent_value,update_footprint
2,2.297360655183817,2.297360655183817,0.0,5.69650819542891,3.3991475402450932,0.0,401,,controlled-e4-value-vs-improvement-v1:r=0:o=0.5|seed=401|response=0.0|optimization=0.5,6730bb0cce87519cd4cb,6730bb0cce87519cd4cb,5.69650819542891,3.3991475402450932,0.29999999999999993
3,3.7089344253063654,3.7089344253063654,0.0,7.108081965551459,3.3991475402450932,0.0,401,True,controlled-e4-value-vs-improvement-v1:r=0:o=0.5|seed=401|response=0.0|optimization=0.5,f990dd4aec9223d7e396,f990dd4aec9223d7e396,7.108081965551459,3.3991475402450932,0.5
0,0.7765691649072757,0.7765691649072757,0.0,4.12284582453638,3.3462766596291047,0.0,402,,controlled-e4-value-vs-improvement-v1:r=0:o=0.5|seed=402|response=0.0|optimization=0.5,d2f7c87a79da12fddfdc,d2f7c87a79da12fddfdc,4.12284582453638,3.3462766596291047,0.09999999999999998
1,1.529138329814553,1.529138329814553,0.0,4.875414989443658,3.3462766596291047,0.0,402,,controlled-e4-value-vs-improvement-v1:r=0:o=0.5|seed=402|response=0.0|optimization=0.5,87e4719d1e849eb51da6,87e4719d1e849eb51da6,4.875414989443658,3.3462766596291047,0.20000000000000007
2,2.257707494721828,2.257707494721828,0.0,5.603984154350933,3.3462766596291047,0.0,402,,controlled-e4-value-vs-improvement-v1:r=0:o=0.5|seed=402|response=0.0|optimization=0.5,cf18df8b4feddef4e14b,cf18df8b4feddef4e14b,5.603984154350933,3.3462766596291047,0.29999999999999993
3,3.642845824536381,3.642845824536381,0.0,6.9891224841654855,3.3462766596291047,0.0,402,True,controlled-e4-value-vs-improvement-v1:r=0:o=0.5|seed=402|response=0.0|optimization=0.5,cf0906ebd5ea7693b381,cf0906ebd5ea7693b381,6.9891224841654855,3.3462766596291047,0.5
0,0.7993762319441275,0.7993762319441275,0.0,4.236881159720639,3.4375049277765113,0.0,403,,controlled-e4-value-vs-improvement-v1:r=0:o=0.5|seed=403|response=0.0|optimization=0.5,6d357b9ed52ef571cd8f,6d357b9ed52ef571cd8f,4.236881159720639,3.4375049277765113,0.09999999999999998
1,1.5747524638882568,1.5747524638882568,0.0,5.012257391664768,3.4375049277765113,0.0,403,,controlled-e4-value-vs-improvement-v1:r=0:o=0.5|seed=403|response=0.0|optimization=0.5,baf633d752b2ce7abf92,baf633d752b2ce7abf92,5.012257391664768,3.4375049277765113,0.20000000000000007
2,2.3261286958323835,2.3261286958323835,0.0,5.763633623608895,3.4375049277765113,0.0,403,,controlled-e4-value-vs-improvement-v1:r=0:o=0.5|seed=403|response=0.0|optimization=0.5,9ec1975347743ef917a4,9ec1975347743ef917a4,5.763633623608895,3.4375049277765113,0.29999999999999993
3,3.756881159720642,3.756881159720642,0.0,7.194386087497153,3.4375049277765113,0.0,403,True,controlled-e4-value-vs-improvement-v1:r=0:o=0.5|seed=403|response=0.0|optimization=0.5,88a4fee975d6b364ca43,88a4fee975d6b364ca43,7.194386087497153,3.4375049277765113,0.5
0,0.7989190507058472,0.7989190507058472,0.0,4.234595253529242,3.4356762028233945,0.0,404,,controlled-e4-value-vs-improvement-v1:r=0:o=0.5|seed=404|response=0.0|optimization=0.5,92551868e98700ebf454,92551868e98700ebf454,4.234595253529242,3.4356762028233945,0.09999999999999998
1,1.5738381014116962,1.5738381014116962,0.0,5.009514304235091,3.4356762028233945,0.0,404,,controlled-e4-value-vs-improvement-v1:r=0:o=0.5|seed=404|response=0.0|optimization=0.5,1c1c80d71d5940ee676d,1c1c80d71d5940ee676d,5.009514304235091,3.4356762028233945,0.20000000000000007
2,2.3247571521175434,2.3247571521175434,0.0,5.760433354940938,3.4356762028233945,0.0,404,,controlled-e4-value-vs-improvement-v1:r=0:o=0.5|seed=404|response=0.0|optimization=0.5,e39e55cbdf46d33a4467,e39e55cbdf46d33a4467,5.760433354940938,3.4356762028233945,0.29999999999999993
3,3.754595253529242,3.754595253529242,0.0,7.190271456352637,3.4356762028233945,0.0,404,True,controlled-e4-value-vs-improvement-v1:r=0:o=0.5|seed=404|response=0.0|optimization=0.5,ae2c95e4d3663512fbd2,ae2c95e4d3663512fbd2,7.190271456352637,3.4356762028233945,0.5
0,0.7893973403284482,0.7893973403284482,0.0,4.1869867016422395,3.3975893613137913,0.0,405,,controlled-e4-value-vs-improvement-v1:r=0:o=0.5|seed=405|response=0.0|optimization=0.5,47c25c45cf972da90ede,47c25c45cf972da90ede,4.1869867016422395,3.3975893613137913,0.09999999999999998
1,1.5547946806568964,1.5547946806568964,0.0,4.952384041970688,3.3975893613137913,0.0,405,,controlled-e4-value-vs-improvement-v1:r=0:o=0.5|seed=405|response=0.0|optimization=0.5,54df5fee476528208449,54df5fee476528208449,4.952384041970688,3.3975893613137913,0.20000000000000007
2,2.296192020985343,2.296192020985343,0.0,5.693781382299134,3.3975893613137913,0.0,405,,controlled-e4-value-vs-improvement-v1:r=0:o=0.5|seed=405|response=0.0|optimization=0.5,f0d506571aa3d7067fac,f0d506571aa3d7067fac,5.693781382299134,3.3975893613137913,0.29999999999999993
3,3.7069867016422418,3.7069867016422418,0.0,7.104576062956033,3.3975893613137913,0.0,405,True,controlled-e4-value-vs-improvement-v1:r=0:o=0.5|seed=405|response=0.0|optimization=0.5,242a2097ebbeb83f5ebf,242a2097ebbeb83f5ebf,7.104576062956033,3.3975893613137913,0.5
2,4.378721310367637,4.378721310367637,0.0,7.77786885061273,3.3991475402450932,0.0,401,,controlled-e4-value-vs-improvement-v1:r=0:o=1|seed=401|response=0.0|optimization=1.0,88922cb010d4c8e31622,88922cb010d4c8e31622,7.77786885061273,3.3991475402450932,0.6
3,6.600852459754907,6.600852459754907,0.0,10.0,3.3991475402450932,0.0,401,True,controlled-e4-value-vs-improvement-v1:r=0:o=1|seed=401|response=0.0|optimization=1.0,217ebf4428ede7ec02e6,217ebf4428ede7ec02e6,10.0,3.3991475402450932,0.9999999999999998
0,1.529138329814553,1.529138329814553,0.0,4.875414989443658,3.3462766596291047,0.0,402,,controlled-e4-value-vs-improvement-v1:r=0:o=1|seed=402|response=0.0|optimization=1.0,602968a6de0f34e4c539,602968a6de0f34e4c539,4.875414989443658,3.3462766596291047,0.20000000000000007
1,2.9622766596291044,2.9622766596291044,0.0,6.308553319258209,3.3462766596291047,0.0,402,,controlled-e4-value-vs-improvement-v1:r=0:o=1|seed=402|response=0.0|optimization=1.0,0ea220e4b15ade7f6da8,0ea220e4b15ade7f6da8,6.308553319258209,3.3462766596291047,0.4
2,4.299414989443656,4.299414989443656,0.0,7.645691649072761,3.3462766596291047,0.0,402,,controlled-e4-value-vs-improvement-v1:r=0:o=1|seed=402|response=0.0|optimization=1.0,c8ce560fb5759c98e2b2,c8ce560fb5759c98e2b2,7.645691649072761,3.3462766596291047,0.6
3,6.653723340370895,6.653723340370895,0.0,10.0,3.3462766596291047,0.0,402,True,controlled-e4-value-vs-improvement-v1:r=0:o=1|seed=402|response=0.0|optimization=1.0,b770d3acd40bb499ab34,b770d3acd40bb499ab34,10.0,3.3462766596291047,0.9999999999999998
0,1.5747524638882568,1.5747524638882568,0.0,5.012257391664768,3.4375049277765113,0.0,403,,controlled-e4-value-vs-improvement-v1:r=0:o=1|seed=403|response=0.0|optimization=1.0,23fe6b349df0adec7c91,23fe6b349df0adec7c91,5.012257391664768,3.4375049277765113,0.20000000000000007
1,3.053504927776511,3.053504927776511,0.0,6.491009855553022,3.4375049277765113,0.0,403,,controlled-e4-value-vs-improvement-v1:r=0:o=1|seed=403|response=0.0|optimization=1.0,fc7c71e3a8056ec2af87,fc7c71e3a8056ec2af87,6.491009855553022,3.4375049277765113,0.4
2,4.436257391664768,4.436257391664768,0.0,7.873762319441279,3.4375049277765113,0.0,403,,controlled-e4-value-vs-improvement-v1:r=0:o=1|seed=403|response=0.0|optimization=1.0,08c00f049928670d1e51,08c00f049928670d1e51,7.873762319441279,3.4375049277765113,0.6
3,6.562495072223489,6.562495072223489,0.0,10.0,3.4375049277765113,0.0,403,True,controlled-e4-value-vs-improvement-v1:r=0:o=1|seed=403|response=0.0|optimization=1.0,cd96b024623515a41e30,cd96b024623515a41e30,10.0,3.4375049277765113,0.9999999999999998
0,1.5738381014116962,1.5738381014116962,0.0,5.009514304235091,3.4356762028233945,0.0,404,,controlled-e4-value-vs-improvement-v1:r=0:o=1|seed=404|response=0.0|optimization=1.0,d93144a97dc19415a558,d93144a97dc19415a558,5.009514304235091,3.4356762028233945,0.20000000000000007
1,3.051676202823394,3.051676202823394,0.0,6.487352405646789,3.4356762028233945,0.0,404,,controlled-e4-value-vs-improvement-v1:r=0:o=1|seed=404|response=0.0|optimization=1.0,f8385cd1a4879508e4fd,f8385cd1a4879508e4fd,6.487352405646789,3.4356762028233945,0.4
2,4.433514304235089,4.433514304235089,0.0,7.869190507058484,3.4356762028233945,0.0,404,,controlled-e4-value-vs-improvement-v1:r=0:o=1|seed=404|response=0.0|optimization=1.0,db5cb545eadc4d7248c3,db5cb545eadc4d7248c3,7.869190507058484,3.4356762028233945,0.6
3,6.5643237971766055,6.5643237971766055,0.0,10.0,3.4356762028233945,0.0,404,True,controlled-e4-value-vs-improvement-v1:r=0:o=1|seed=404|response=0.0|optimization=1.0,b749789477a523939e7f,b749789477a523939e7f,10.0,3.4356762028233945,0.9999999999999998
0,1.5547946806568964,1.5547946806568964,0.0,4.952384041970688,3.3975893613137913,0.0,405,,controlled-e4-value-vs-improvement-v1:r=0:o=1|seed=405|response=0.0|optimization=1.0,cbf0e6c18d8a5c847532,cbf0e6c18d8a5c847532,4.952384041970688,3.3975893613137913,0.20000000000000007
1,3.013589361313791,3.013589361313791,0.0,6.411178722627582,3.3975893613137913,0.0,405,,controlled-e4-value-vs-improvement-v1:r=0:o=1|seed=405|response=0.0|optimization=1.0,236809383f24debddc64,236809383f24debddc64,6.411178722627582,3.3975893613137913,0.4
2,4.376384041970688,4.376384041970688,0.0,7.773973403284479,3.3975893613137913,0.0,405,,controlled-e4-value-vs-improvement-v1:r=0:o=1|seed=405|response=0.0|optimization=1.0,a77b54528472a448d546,a77b54528472a448d546,7.773973403284479,3.3975893613137913,0.6
3,6.602410638686209,6.602410638686209,0.0,10.0,3.3975893613137913,0.0,405,True,controlled-e4-value-vs-improvement-v1:r=0:o=1|seed=405|response=0.0|optimization=1.0,217e87ef73c71c674545,217e87ef73c71c674545,10.0,3.3975893613137913,0.9999999999999998
2,6.244081965551458,6.244081965551458,0.0,9.643229505796551,3.3991475402450932,0.0,401,,controlled-e4-value-vs-improvement-v1:r=0:o=1.5|seed=401|response=0.0|optimization=1.5,455e6bca8e9551f469ef,455e6bca8e9551f469ef,9.643229505796551,3.3991475402450932,0.8999999999999998
3,6.600852459754907,6.600852459754907,0.0,10.0,3.3991475402450932,0.0,401,True,controlled-e4-value-vs-improvement-v1:r=0:o=1.5|seed=401|response=0.0|optimization=1.5,b3d06736b8cc1fc6977c,b3d06736b8cc1fc6977c,10.0,3.3991475402450932,1.5
0,2.2577074947218296,2.2577074947218296,0.0,5.603984154350934,3.3462766596291047,0.0,402,,controlled-e4-value-vs-improvement-v1:r=0:o=1.5|seed=402|response=0.0|optimization=1.5,125aebc05234b90ce392,125aebc05234b90ce392,5.603984154350934,3.3462766596291047,0.30000000000000004
1,4.299414989443656,4.299414989443656,0.0,7.645691649072761,3.3462766596291047,0.0,402,,controlled-e4-value-vs-improvement-v1:r=0:o=1.5|seed=402|response=0.0|optimization=1.5,bff6d959f20982a22251,bff6d959f20982a22251,7.645691649072761,3.3462766596291047,0.6
2,6.125122484165484,6.125122484165484,0.0,9.471399143794589,3.3462766596291047,0.0,402,,controlled-e4-value-vs-improvement-v1:r=0:o=1.5|seed=402|response=0.0|optimization=1.5,d48d6d20d4d1c72fa6e8,d48d6d20d4d1c72fa6e8,9.471399143794589,3.3462766596291047,0.8999999999999998
3,6.653723340370895,6.653723340370895,0.0,10.0,3.3462766596291047,0.0,402,True,controlled-e4-value-vs-improvement-v1:r=0:o=1.5|seed=402|response=0.0|optimization=1.5,fcf9a82142230cb7229e,fcf9a82142230cb7229e,10.0,3.3462766596291047,1.5
0,2.3261286958323844,2.3261286958323844,0.0,5.763633623608896,3.4375049277765113,0.0,403,,controlled-e4-value-vs-improvement-v1:r=0:o=1.5|seed=403|response=0.0|optimization=1.5,8ea05a1ec7ba23bf83d8,8ea05a1ec7ba23bf83d8,5.763633623608896,3.4375049277765113,0.30000000000000004
1,4.436257391664768,4.436257391664768,0.0,7.873762319441279,3.4375049277765113,0.0,403,,controlled-e4-value-vs-improvement-v1:r=0:o=1.5|seed=403|response=0.0|optimization=1.5,f849ec9fee95c198da86,f849ec9fee95c198da86,7.873762319441279,3.4375049277765113,0.6
2,6.3303860874971525,6.3303860874971525,0.0,9.767891015273664,3.4375049277765113,0.0,403,,controlled-e4-value-vs-improvement-v1:r=0:o=1.5|seed=403|response=0.0|optimization=1.5,0673ea8afa1319e3b9d6,0673ea8afa1319e3b9d6,9.767891015273664,3.4375049277765113,0.8999999999999998
3,6.562495072223489,6.562495072223489,0.0,10.0,3.4375049277765113,0.0,403,True,controlled-e4-value-vs-improvement-v1:r=0:o=1.5|seed=403|response=0.0|optimization=1.5,694030f87ebf75b9fe9b,694030f87ebf75b9fe9b,10.0,3.4375049277765113,1.5
0,2.324757152117545,2.324757152117545,0.0,5.76043335494094,3.4356762028233945,0.0,404,,controlled-e4-value-vs-improvement-v1:r=0:o=1.5|seed=404|response=0.0|optimization=1.5,60be1f0ba9652eb7d288,60be1f0ba9652eb7d288,5.76043335494094,3.4356762028233945,0.30000000000000004
1,4.433514304235089,4.433514304235089,0.0,7.869190507058484,3.4356762028233945,0.0,404,,controlled-e4-value-vs-improvement-v1:r=0:o=1.5|seed=404|response=0.0|optimization=1.5,2ba717ecea2f01b4b414,2ba717ecea2f01b4b414,7.869190507058484,3.4356762028233945,0.6
2,6.326271456352634,6.326271456352634,0.0,9.761947659176029,3.4356762028233945,0.0,404,,controlled-e4-value-vs-improvement-v1:r=0:o=1.5|seed=404|response=0.0|optimization=1.5,fc1b7b825cc3e361603d,fc1b7b825cc3e361603d,9.761947659176029,3.4356762028233945,0.8999999999999998
3,6.5643237971766055,6.5643237971766055,0.0,10.0,3.4356762028233945,0.0,404,True,controlled-e4-value-vs-improvement-v1:r=0:o=1.5|seed=404|response=0.0|optimization=1.5,8a761e46e3b7cda0e8c1,8a761e46e3b7cda0e8c1,10.0,3.4356762028233945,1.5
0,2.2961920209853437,2.2961920209853437,0.0,5.693781382299135,3.3975893613137913,0.0,405,,controlled-e4-value-vs-improvement-v1:r=0:o=1.5|seed=405|response=0.0|optimization=1.5,21f2cce2babd63781445,21f2cce2babd63781445,5.693781382299135,3.3975893613137913,0.30000000000000004
1,4.376384041970688,4.376384041970688,0.0,7.773973403284479,3.3975893613137913,0.0,405,,controlled-e4-value-vs-improvement-v1:r=0:o=1.5|seed=405|response=0.0|optimization=1.5,2e7c213f6ac3738125d7,2e7c213f6ac3738125d7,7.773973403284479,3.3975893613137913,0.6
2,6.2405760629560305,6.2405760629560305,0.0,9.638165424269822,3.3975893613137913,0.0,405,,controlled-e4-value-vs-improvement-v1:r=0:o=1.5|seed=405|response=0.0|optimization=1.5,1a70b9156e760ac9fee7,1a70b9156e760ac9fee7,9.638165424269822,3.3975893613137913,0.8999999999999998
3,6.602410638686209,6.602410638686209,0.0,10.0,3.3975893613137913,0.0,405,True,controlled-e4-value-vs-improvement-v1:r=0:o=1.5|seed=405|response=0.0|optimization=1.5,0d3387f5fef7445fe8c3,0d3387f5fef7445fe8c3,10.0,3.3975893613137913,1.5
2,-0.023822861603734757,-0.3838228616037347,0.35999999999999993,2.0753569129261806,2.099179774529915,0.3,401,True,controlled-e4-value-vs-improvement-v1:r=0.3:o=0.5|seed=401|response=0.3|optimization=0.5,fb273bb176da7d1ac074,fb273bb176da7d1ac074,1.7153569129261805,2.099179774529915,0.29999999999999993
3,-0.9721846229115422,-1.5721846229115422,0.6,1.126995151618373,2.099179774529915,0.3,401,,controlled-e4-value-vs-improvement-v1:r=0.3:o=0.5|seed=401|response=0.3|optimization=0.5,dd8cb5419c3bbdf65e95,dd8cb5419c3bbdf65e95,0.5269951516183731,2.099179774529915,0.5
0,0.16533729669248873,0.04533729669248876,0.11999999999999997,2.211646190606417,2.046308893913928,0.3,402,True,controlled-e4-value-vs-improvement-v1:r=0.3:o=0.5|seed=402|response=0.3|optimization=0.5,3aae5e4d1597567168bf,3aae5e4d1597567168bf,2.0916461906064168,2.046308893913928,0.09999999999999998
1,0.14417862267058132,-0.09582137732941876,0.24000000000000007,2.1904875165845095,2.046308893913928,0.3,402,,controlled-e4-value-vs-improvement-v1:r=0.3:o=0.5|seed=402|response=0.3|optimization=0.5,94617a9562f44886dbf1,94617a9562f44886dbf1,1.9504875165845093,2.046308893913928,0.20000000000000007
2,-0.06347602206572572,-0.42347602206572565,0.35999999999999993,1.9828328718482022,2.046308893913928,0.3,402,,controlled-e4-value-vs-improvement-v1:r=0.3:o=0.5|seed=402|response=0.3|optimization=0.5,5e766b06f4c5da6476aa,5e766b06f4c5da6476aa,1.6228328718482024,2.046308893913928,0.29999999999999993
3,-1.0382732236815269,-1.638273223681527,0.6,1.0080356702324011,2.046308893913928,0.3,402,,controlled-e4-value-vs-improvement-v1:r=0.3:o=0.5|seed=402|response=0.3|optimization=0.5,8a2b496983b7d11187f4,8a2b496983b7d11187f4,0.40803567023240106,2.046308893913928,0.5
0,0.1881443637293406,0.06814436372934063,0.11999999999999997,2.3256815257906753,2.1375371620613346,0.3,403,,controlled-e4-value-vs-improvement-v1:r=0.3:o=0.5|seed=403|response=0.3|optimization=0.5,afa159d9c9b928dc6410,afa159d9c9b928dc6410,2.2056815257906752,2.1375371620613346,0.09999999999999998
1,0.18979275674428372,-0.05020724325571635,0.24000000000000007,2.3273299188056185,2.1375371620613346,0.3,403,True,controlled-e4-value-vs-improvement-v1:r=0.3:o=0.5|seed=403|response=0.3|optimization=0.5,b5d9bbc4426da3041980,b5d9bbc4426da3041980,2.0873299188056182,2.1375371620613346,0.20000000000000007
2,0.00494517904482944,-0.3550548209551705,0.35999999999999993,2.142482341106164,2.1375371620613346,0.3,403,,controlled-e4-value-vs-improvement-v1:r=0.3:o=0.5|seed=403|response=0.3|optimization=0.5,e751a13ffb33a1d1e46a,e751a13ffb33a1d1e46a,1.782482341106164,2.1375371620613346,0.29999999999999993
3,-0.9242378884972674,-1.5242378884972674,0.6,1.213299273564067,2.1375371620613346,0.3,403,,controlled-e4-value-vs-improvement-v1:r=0.3:o=0.5|seed=403|response=0.3|optimization=0.5,5ead4626cb992161877e,5ead4626cb992161877e,0.6132992735640672,2.1375371620613346,0.5
0,0.18768718249106073,0.06768718249106076,0.11999999999999997,2.3233956195992778,2.135708437108217,0.3,404,,controlled-e4-value-vs-improvement-v1:r=0.3:o=0.5|seed=404|response=0.3|optimization=0.5,2dfdd1e7e656c85b118d,2dfdd1e7e656c85b118d,2.2033956195992777,2.135708437108217,0.09999999999999998
1,0.18887839426772488,-0.0511216057322752,0.24000000000000007,2.324586831375942,2.135708437108217,0.3,404,True,controlled-e4-value-vs-improvement-v1:r=0.3:o=0.5|seed=404|response=0.3|optimization=0.5,3c3ad6b77c0bc3c28958,3c3ad6b77c0bc3c28958,2.0845868313759417,2.135708437108217,0.20000000000000007
2,0.003573635329990721,-0.3564263646700092,0.35999999999999993,2.1392820724382076,2.135708437108217,0.3,404,,controlled-e4-value-vs-improvement-v1:r=0.3:o=0.5|seed=404|response=0.3|optimization=0.5,21ff2a03538097faa756,21ff2a03538097faa756,1.7792820724382077,2.135708437108217,0.29999999999999993
3,-0.9265237946886661,-1.526523794688666,0.6,1.209184642419551,2.135708437108217,0.3,404,,controlled-e4-value-vs-improvement-v1:r=0.3:o=0.5|seed=404|response=0.3|optimization=0.5,a2ce283aff06def29b83,a2ce283aff06def29b83,0.609184642419551,2.135708437108217,0.5
0,0.17816547211366038,0.05816547211366041,0.11999999999999997,2.275787067712275,2.0976215955986146,0.3,405,True,controlled-e4-value-vs-improvement-v1:r=0.3:o=0.5|seed=405|response=0.3|optimization=0.5,f7274564ae839c12d6f9,f7274564ae839c12d6f9,2.155787067712275,2.0976215955986146,0.09999999999999998
1,0.16983497351292373,-0.07016502648707634,0.24000000000000007,2.2674565691115385,2.0976215955986146,0.3,405,,controlled-e4-value-vs-improvement-v1:r=0.3:o=0.5|seed=405|response=0.3|optimization=0.5,97f30c6a28ce57f604a1,97f30c6a28ce57f604a1,2.0274565691115383,2.0976215955986146,0.20000000000000007
2,-0.024991495802210772,-0.3849914958022107,0.35999999999999993,2.072630099796404,2.0976215955986146,0.3,405,,controlled-e4-value-vs-improvement-v1:r=0.3:o=0.5|seed=405|response=0.3|optimization=0.5,095963ce01249c65c056,095963ce01249c65c056,1.712630099796404,2.0976215955986146,0.29999999999999993
3,-0.9741323465756683,-1.5741323465756683,0.6,1.1234892490229462,2.0976215955986146,0.3,405,,controlled-e4-value-vs-improvement-v1:r=0.3:o=0.5|seed=405|response=0.3|optimization=0.5,d357d85955c3e1061701,d357d85955c3e1061701,0.5234892490229462,2.0976215955986146,0.5
2,-1.726109459637042,-2.446109459637042,0.72,0.37307031489287334,2.099179774529915,0.3,401,True,controlled-e4-value-vs-improvement-v1:r=0.3:o=1|seed=401|response=0.3|optimization=1.0,e02056b7d591a526ffff,e02056b7d591a526ffff,-0.34692968510712663,2.099179774529915,0.6
3,-6.606768513683015,-7.806768513683014,1.1999999999999997,-4.5075887391531,2.099179774529915,0.3,401,,controlled-e4-value-vs-improvement-v1:r=0.3:o=1|seed=401|response=0.3|optimization=1.0,18317f9d869a7f979b59,18317f9d869a7f979b59,-5.707588739153099,2.099179774529915,0.9999999999999998
0,0.14417862267058132,-0.09582137732941876,0.24000000000000007,2.1904875165845095,2.046308893913928,0.3,402,True,controlled-e4-value-vs-improvement-v1:r=0.3:o=1|seed=402|response=0.3|optimization=1.0,fa709dff44377b16505b,fa709dff44377b16505b,1.9504875165845093,2.046308893913928,0.20000000000000007
1,-0.4576266375164264,-0.9376266375164264,0.48,1.5886822563975016,2.046308893913928,0.3,402,,controlled-e4-value-vs-improvement-v1:r=0.3:o=1|seed=402|response=0.3|optimization=1.0,fb28b51665c658489614,fb28b51665c658489614,1.1086822563975016,2.046308893913928,0.4
2,-1.8054157805610227,-2.5254157805610227,0.72,0.2408931133529053,2.046308893913928,0.3,402,,controlled-e4-value-vs-improvement-v1:r=0.3:o=1|seed=402|response=0.3|optimization=1.0,ffc855a7a9b7ba1923eb,ffc855a7a9b7ba1923eb,-0.47910688664709467,2.046308893913928,0.6
3,-6.738945715222982,-7.938945715222982,1.1999999999999997,-4.692636821309055,2.046308893913928,0.3,402,,controlled-e4-value-vs-improvement-v1:r=0.3:o=1|seed=402|response=0.3|optimization=1.0,d5166850d58402571b75,d5166850d58402571b75,-5.892636821309054,2.046308893913928,0.9999999999999998
0,0.18979275674428372,-0.05020724325571635,0.24000000000000007,2.3273299188056185,2.1375371620613346,0.3,403,True,controlled-e4-value-vs-improvement-v1:r=0.3:o=1|seed=403|response=0.3|optimization=1.0,b6da152eba39a50faa48,b6da152eba39a50faa48,2.0873299188056182,2.1375371620613346,0.20000000000000007
1,-0.36639836936902004,-0.84639836936902,0.48,1.7711387926923146,2.1375371620613346,0.3,403,,controlled-e4-value-vs-improvement-v1:r=0.3:o=1|seed=403|response=0.3|optimization=1.0,99091f908b6b1fbcd57b,99091f908b6b1fbcd57b,1.2911387926923146,2.1375371620613346,0.4
2,-1.6685733783399124,-2.3885733783399123,0.72,0.4689637837214221,2.1375371620613346,0.3,403,,controlled-e4-value-vs-improvement-v1:r=0.3:o=1|seed=403|response=0.3|optimization=1.0,7f830df18b7ef9816000,7f830df18b7ef9816000,-0.25103621627857786,2.1375371620613346,0.6
3,-6.510875044854467,-7.7108750448544665,1.1999999999999997,-4.373337882793132,2.1375371620613346,0.3,403,,controlled-e4-value-vs-improvement-v1:r=0.3:o=1|seed=403|response=0.3|optimization=1.0,238a8cc9ce63c8874715,238a8cc9ce63c8874715,-5.5733378827931315,2.1375371620613346,0.9999999999999998
0,0.18887839426772488,-0.0511216057322752,0.24000000000000007,2.324586831375942,2.135708437108217,0.3,404,True,controlled-e4-value-vs-improvement-v1:r=0.3:o=1|seed=404|response=0.3|optimization=1.0,5a2dbcd977c8a4a0780b,5a2dbcd977c8a4a0780b,2.0845868313759417,2.135708437108217,0.20000000000000007
1,-0.36822709432213796,-0.8482270943221379,0.48,1.767481342786079,2.135708437108217,0.3,404,,controlled-e4-value-vs-improvement-v1:r=0.3:o=1|seed=404|response=0.3|optimization=1.0,470dce97ec8d8bbe91c4,470dce97ec8d8bbe91c4,1.287481342786079,2.135708437108217,0.4
2,-1.671316465769589,-2.391316465769589,0.72,0.4643919713386281,2.135708437108217,0.3,404,,controlled-e4-value-vs-improvement-v1:r=0.3:o=1|seed=404|response=0.3|optimization=1.0,4f6f7f3017de11a3cd0a,4f6f7f3017de11a3cd0a,-0.2556080286613719,2.135708437108217,0.6
3,-6.5154468572372615,-7.715446857237261,1.1999999999999997,-4.379738420129044,2.135708437108217,0.3,404,,controlled-e4-value-vs-improvement-v1:r=0.3:o=1|seed=404|response=0.3|optimization=1.0,1cabcc4772ae7c43465c,1cabcc4772ae7c43465c,-5.579738420129043,2.135708437108217,0.9999999999999998
0,0.16983497351292373,-0.07016502648707634,0.24000000000000007,2.2674565691115385,2.0976215955986146,0.3,405,True,controlled-e4-value-vs-improvement-v1:r=0.3:o=1|seed=405|response=0.3|optimization=1.0,90adcac35d0e0e8d451d,90adcac35d0e0e8d451d,2.0274565691115383,2.0976215955986146,0.20000000000000007
1,-0.40631393583174,-0.88631393583174,0.48,1.6913076597668746,2.0976215955986146,0.3,405,,controlled-e4-value-vs-improvement-v1:r=0.3:o=1|seed=405|response=0.3|optimization=1.0,e0e4ba2f1d1856c373f1,e0e4ba2f1d1856c373f1,1.2113076597668746,2.0976215955986146,0.4
2,-1.7284467280339937,-2.4484467280339937,0.72,0.36917486756462115,2.0976215955986146,0.3,405,,controlled-e4-value-vs-improvement-v1:r=0.3:o=1|seed=405|response=0.3|optimization=1.0,f9cc0ae3dc6c2b74ca2e,f9cc0ae3dc6c2b74ca2e,-0.35082513243537883,2.0976215955986146,0.6
3,-6.610663961011268,-7.810663961011267,1.1999999999999997,-4.513042365412652,2.0976215955986146,0.3,405,,controlled-e4-value-vs-improvement-v1:r=0.3:o=1|seed=405|response=0.3|optimization=1.0,171d24353d10deadadd3,171d24353d10deadadd3,-5.713042365412652,2.0976215955986146,0.9999999999999998
2,-5.106859794099922,-6.186859794099922,1.0799999999999996,-3.007680019570007,2.099179774529915,0.3,401,True,controlled-e4-value-vs-improvement-v1:r=0.3:o=1.5|seed=401|response=0.3|optimization=1.5,3aa34dadb85d24d8d0d1,3aa34dadb85d24d8d0d1,-4.087680019570007,2.099179774529915,0.8999999999999998
3,-10.299179774529915,-12.099179774529915,1.7999999999999998,-8.2,2.099179774529915,0.3,401,,controlled-e4-value-vs-improvement-v1:r=0.3:o=1.5|seed=401|response=0.3|optimization=1.5,d14111f4ea49386d33cb,d14111f4ea49386d33cb,-10.0,2.099179774529915,1.5
0,-0.06347602206572472,-0.42347602206572477,0.36000000000000004,1.9828328718482033,2.046308893913928,0.3,402,True,controlled-e4-value-vs-improvement-v1:r=0.3:o=1.5|seed=402|response=0.3|optimization=1.5,68cd664d702dd567bc16,68cd664d702dd567bc16,1.6228328718482032,2.046308893913928,0.30000000000000004
1,-1.8054157805610227,-2.5254157805610227,0.72,0.2408931133529053,2.046308893913928,0.3,402,,controlled-e4-value-vs-improvement-v1:r=0.3:o=1.5|seed=402|response=0.3|optimization=1.5,e37a5f575f3c6c1ea12b,e37a5f575f3c6c1ea12b,-0.47910688664709467,2.046308893913928,0.6
2,-5.225819275485893,-6.305819275485893,1.0799999999999996,-3.179510381571966,2.046308893913928,0.3,402,,controlled-e4-value-vs-improvement-v1:r=0.3:o=1.5|seed=402|response=0.3|optimization=1.5,21892068d5d4336b8e01,21892068d5d4336b8e01,-4.259510381571966,2.046308893913928,0.8999999999999998
3,-10.246308893913927,-12.046308893913928,1.7999999999999998,-8.2,2.046308893913928,0.3,402,,controlled-e4-value-vs-improvement-v1:r=0.3:o=1.5|seed=402|response=0.3|optimization=1.5,ca53d92e2ebac78d81b7,ca53d92e2ebac78d81b7,-10.0,2.046308893913928,1.5
0,0.004945179044829995,-0.35505482095517005,0.36000000000000004,2.1424823411061644,2.1375371620613346,0.3,403,True,controlled-e4-value-vs-improvement-v1:r=0.3:o=1.5|seed=403|response=0.3|optimization=1.5,60283283a5c27bf4438e,60283283a5c27bf4438e,1.7824823411061645,2.1375371620613346,0.30000000000000004
1,-1.6685733783399124,-2.3885733783399123,0.72,0.4689637837214221,2.1375371620613346,0.3,403,,controlled-e4-value-vs-improvement-v1:r=0.3:o=1.5|seed=403|response=0.3|optimization=1.5,b0c417f729185e567ea1,b0c417f729185e567ea1,-0.25103621627857786,2.1375371620613346,0.6
2,-5.020555672154229,-6.100555672154229,1.0799999999999996,-2.8830185100928944,2.1375371620613346,0.3,403,,controlled-e4-value-vs-improvement-v1:r=0.3:o=1.5|seed=403|response=0.3|optimization=1.5,f0f5af879d501a2d2f25,f0f5af879d501a2d2f25,-3.963018510092894,2.1375371620613346,0.8999999999999998
3,-10.337537162061334,-12.137537162061335,1.7999999999999998,-8.2,2.1375371620613346,0.3,403,,controlled-e4-value-vs-improvement-v1:r=0.3:o=1.5|seed=403|response=0.3|optimization=1.5,4437cf6ad9e6ff2068fa,4437cf6ad9e6ff2068fa,-10.0,2.1375371620613346,1.5
0,0.003573635329991276,-0.35642636467000877,0.36000000000000004,2.139282072438208,2.135708437108217,0.3,404,True,controlled-e4-value-vs-improvement-v1:r=0.3:o=1.5|seed=404|response=0.3|optimization=1.5,2c4bc0b6f7c441b6558c,2c4bc0b6f7c441b6558c,1.7792820724382081,2.135708437108217,0.30000000000000004
1,-1.671316465769589,-2.391316465769589,0.72,0.4643919713386281,2.135708437108217,0.3,404,,controlled-e4-value-vs-improvement-v1:r=0.3:o=1.5|seed=404|response=0.3|optimization=1.5,02668b22b15abeccad11,02668b22b15abeccad11,-0.2556080286613719,2.135708437108217,0.6
2,-5.024670303298745,-6.104670303298745,1.0799999999999996,-2.888961866190528,2.135708437108217,0.3,404,,controlled-e4-value-vs-improvement-v1:r=0.3:o=1.5|seed=404|response=0.3|optimization=1.5,42b8376faf4b681967a0,42b8376faf4b681967a0,-3.9689618661905275,2.135708437108217,0.8999999999999998
3,-10.335708437108217,-12.135708437108217,1.7999999999999998,-8.2,2.135708437108217,0.3,404,,controlled-e4-value-vs-improvement-v1:r=0.3:o=1.5|seed=404|response=0.3|optimization=1.5,e3ab3c2884b7b3fe1928,e3ab3c2884b7b3fe1928,-10.0,2.135708437108217,1.5
0,-0.024991495802209773,-0.3849914958022098,0.36000000000000004,2.0726300997964047,2.0976215955986146,0.3,405,True,controlled-e4-value-vs-improvement-v1:r=0.3:o=1.5|seed=405|response=0.3|optimization=1.5,103af0f8c6e5dc7a647b,103af0f8c6e5dc7a647b,1.7126300997964048,2.0976215955986146,0.30000000000000004
1,-1.7284467280339937,-2.4484467280339937,0.72,0.36917486756462115,2.0976215955986146,0.3,405,,controlled-e4-value-vs-improvement-v1:r=0.3:o=1.5|seed=405|response=0.3|optimization=1.5,96bc1e9fa1cdd0173c0d,96bc1e9fa1cdd0173c0d,-0.35082513243537883,2.0976215955986146,0.6
2,-5.110365696695348,-6.190365696695348,1.0799999999999996,-3.0127441010967346,2.0976215955986146,0.3,405,,controlled-e4-value-vs-improvement-v1:r=0.3:o=1.5|seed=405|response=0.3|optimization=1.5,e566ed7961fb636f6a0a,e566ed7961fb636f6a0a,-4.092744101096734,2.0976215955986146,0.8999999999999998
3,-10.297621595598613,-12.097621595598614,1.7999999999999998,-8.2,2.0976215955986146,0.3,405,,controlled-e4-value-vs-improvement-v1:r=0.3:o=1.5|seed=405|response=0.3|optimization=1.5,db022e67c41ede1f8368,db022e67c41ede1f8368,-10.0,2.0976215955986146,1.5
2,-3.118734217320472,-3.958734217320472,0.8399999999999997,-2.7528447970774597,0.36588942024301263,0.7,401,True,controlled-e4-value-vs-improvement-v1:r=0.7:o=0.5|seed=401|response=0.7|optimization=0.5,66f0cb10da0ad8af0bb3,66f0cb10da0ad8af0bb3,-3.5928447970774595,0.36588942024301263,0.29999999999999993
3,-7.213676687202085,-8.613676687202085,1.4,-6.847787266959072,0.36588942024301263,0.7,401,,controlled-e4-value-vs-improvement-v1:r=0.7:o=0.5|seed=401|response=0.7|optimization=0.5,0daed127aa9745bea3d6,0daed127aa9745bea3d6,-8.247787266959072,0.36588942024301263,0.5
0,-0.6496385275938944,-0.9296385275938943,0.2799999999999999,-0.33661998796686887,0.3130185396270256,0.7,402,True,controlled-e4-value-vs-improvement-v1:r=0.7:o=0.5|seed=402|response=0.7|optimization=0.5,81e338f829f2da1aa6b4,81e338f829f2da1aa6b4,-0.6166199879668688,0.3130185396270256,0.09999999999999998
1,-1.7024343201880492,-2.2624343201880492,0.5600000000000002,-1.3894157805610234,0.3130185396270256,0.7,402,,controlled-e4-value-vs-improvement-v1:r=0.7:o=0.5|seed=402|response=0.7|optimization=0.5,ff09860d49e5c2afd63d,ff09860d49e5c2afd63d,-1.9494157805610237,0.3130185396270256,0.20000000000000007
2,-3.158387377782463,-3.998387377782463,0.8399999999999997,-2.845368838155437,0.3130185396270256,0.7,402,,controlled-e4-value-vs-improvement-v1:r=0.7:o=0.5|seed=402|response=0.7|optimization=0.5,3ccbbaccc41c4b385a53,3ccbbaccc41c4b385a53,-3.685368838155437,0.3130185396270256,0.29999999999999993
3,-7.279765287972069,-8.679765287972069,1.4,-6.966746748345043,0.3130185396270256,0.7,402,,controlled-e4-value-vs-improvement-v1:r=0.7:o=0.5|seed=402|response=0.7|optimization=0.5,503c4deda082dae0dd31,503c4deda082dae0dd31,-8.366746748345044,0.3130185396270256,0.5
0,-0.626831460557043,-0.9068314605570429,0.2799999999999999,-0.22258465278261041,0.4042468077744325,0.7,403,True,controlled-e4-value-vs-improvement-v1:r=0.7:o=0.5|seed=403|response=0.7|optimization=0.5,74cedba846b717c6195f,74cedba846b717c6195f,-0.5025846527826103,0.4042468077744325,0.09999999999999998
1,-1.6568201861143463,-2.2168201861143464,0.5600000000000002,-1.2525733783399136,0.4042468077744325,0.7,403,,controlled-e4-value-vs-improvement-v1:r=0.7:o=0.5|seed=403|response=0.7|optimization=0.5,8aaf0089882638c236ed,8aaf0089882638c236ed,-1.8125733783399138,0.4042468077744325,0.20000000000000007
2,-3.0899661766719078,-3.9299661766719076,0.8399999999999997,-2.6857193688974754,0.4042468077744325,0.7,403,,controlled-e4-value-vs-improvement-v1:r=0.7:o=0.5|seed=403|response=0.7|optimization=0.5,49efc2b6cd4f5fa6ac95,49efc2b6cd4f5fa6ac95,-3.5257193688974753,0.4042468077744325,0.29999999999999993
3,-7.165729952787812,-8.565729952787812,1.4,-6.761483145013379,0.4042468077744325,0.7,403,,controlled-e4-value-vs-improvement-v1:r=0.7:o=0.5|seed=403|response=0.7|optimization=0.5,6bbb4700dfaf8d74fc58,6bbb4700dfaf8d74fc58,-8.16148314501338,0.4042468077744325,0.5
0,-0.6272886417953216,-0.9072886417953215,0.2799999999999999,-0.22487055897400765,0.40241808282131397,0.7,404,True,controlled-e4-value-vs-improvement-v1:r=0.7:o=0.5|seed=404|response=0.7|optimization=0.5,1e59df8383907287aba4,1e59df8383907287aba4,-0.5048705589740076,0.40241808282131397,0.09999999999999998
1,-1.6577345485909043,-2.2177345485909044,0.5600000000000002,-1.2553164657695906,0.40241808282131397,0.7,404,,controlled-e4-value-vs-improvement-v1:r=0.7:o=0.5|seed=404|response=0.7|optimization=0.5,601fc1f0c7d1a59c6003,601fc1f0c7d1a59c6003,-1.8153164657695906,0.40241808282131397,0.20000000000000007
2,-3.091337720386746,-3.931337720386746,0.8399999999999997,-2.688919637565432,0.40241808282131397,0.7,404,,controlled-e4-value-vs-improvement-v1:r=0.7:o=0.5|seed=404|response=0.7|optimization=0.5,7308888852795fc8c2f0,7308888852795fc8c2f0,-3.5289196375654317,0.40241808282131397,0.29999999999999993
3,-7.168015858979208,-8.568015858979209,1.4,-6.765597776157895,0.40241808282131397,0.7,404,,controlled-e4-value-vs-improvement-v1:r=0.7:o=0.5|seed=404|response=0.7|optimization=0.5,c62f348d25d93802d57a,c62f348d25d93802d57a,-8.165597776157895,0.40241808282131397,0.5
0,-0.6368103521727229,-0.9168103521727228,0.2799999999999999,-0.27247911086101084,0.364331241311712,0.7,405,True,controlled-e4-value-vs-improvement-v1:r=0.7:o=0.5|seed=405|response=0.7|optimization=0.5,e1d1d4d539ffeb3d1dbd,e1d1d4d539ffeb3d1dbd,-0.5524791108610108,0.364331241311712,0.09999999999999998
1,-1.6767779693457054,-2.2367779693457055,0.5600000000000002,-1.3124467280339935,0.364331241311712,0.7,405,,controlled-e4-value-vs-improvement-v1:r=0.7:o=0.5|seed=405|response=0.7|optimization=0.5,f63059e7a9d78622e763,f63059e7a9d78622e763,-1.8724467280339936,0.364331241311712,0.20000000000000007
2,-3.119902851518948,-3.959902851518948,0.8399999999999997,-2.755571610207236,0.364331241311712,0.7,405,,controlled-e4-value-vs-improvement-v1:r=0.7:o=0.5|seed=405|response=0.7|optimization=0.5,4512002b3c0c8d5c04b9,4512002b3c0c8d5c04b9,-3.595571610207236,0.364331241311712,0.29999999999999993
3,-7.21562441086621,-8.61562441086621,1.4,-6.8512931695544985,0.364331241311712,0.7,405,,controlled-e4-value-vs-improvement-v1:r=0.7:o=0.5|seed=405|response=0.7|optimization=0.5,f6edb89771a7ebcd5ca0,f6edb89771a7ebcd5ca0,-8.251293169554499,0.364331241311712,0.5
2,-8.685889420243013,-10.365889420243013,1.68,-8.32,0.36588942024301263,0.7,401,,controlled-e4-value-vs-improvement-v1:r=0.7:o=1|seed=401|response=0.7|optimization=1.0,cadc2e5df68d8301970b,cadc2e5df68d8301970b,-10.0,0.36588942024301263,0.6
3,-7.565889420243014,-10.365889420243013,2.7999999999999994,-7.200000000000001,0.36588942024301263,0.7,401,True,controlled-e4-value-vs-improvement-v1:r=0.7:o=1|seed=401|response=0.7|optimization=1.0,1145acd9add71c0ce819,1145acd9add71c0ce819,-10.0,0.36588942024301263,0.9999999999999998
0,-1.7024343201880492,-2.2624343201880492,0.5600000000000002,-1.3894157805610234,0.3130185396270256,0.7,402,True,controlled-e4-value-vs-improvement-v1:r=0.7:o=1|seed=402|response=0.7|optimization=1.0,78f3f0dad05099da7100,78f3f0dad05099da7100,-1.9494157805610237,0.3130185396270256,0.20000000000000007
1,-5.017497700377134,-6.137497700377134,1.1199999999999999,-4.704479160750108,0.3130185396270256,0.7,402,,controlled-e4-value-vs-improvement-v1:r=0.7:o=1|seed=402|response=0.7|optimization=1.0,7628d2acc090de829e84,7628d2acc090de829e84,-5.8244791607501085,0.3130185396270256,0.4
2,-8.633018539627026,-10.313018539627025,1.68,-8.32,0.3130185396270256,0.7,402,,controlled-e4-value-vs-improvement-v1:r=0.7:o=1|seed=402|response=0.7|optimization=1.0,ffd861cf848385678bc7,ffd861cf848385678bc7,-10.0,0.3130185396270256,0.6
3,-7.513018539627026,-10.313018539627025,2.7999999999999994,-7.200000000000001,0.3130185396270256,0.7,402,,controlled-e4-value-vs-improvement-v1:r=0.7:o=1|seed=402|response=0.7|optimization=1.0,30c9f5503022bb1b89c3,30c9f5503022bb1b89c3,-10.0,0.3130185396270256,0.9999999999999998
0,-1.6568201861143463,-2.2168201861143464,0.5600000000000002,-1.2525733783399136,0.4042468077744325,0.7,403,True,controlled-e4-value-vs-improvement-v1:r=0.7:o=1|seed=403|response=0.7|optimization=1.0,4dd2266cfd7634910483,4dd2266cfd7634910483,-1.8125733783399138,0.4042468077744325,0.20000000000000007
1,-4.926269432229728,-6.046269432229728,1.1199999999999999,-4.522022624455295,0.4042468077744325,0.7,403,,controlled-e4-value-vs-improvement-v1:r=0.7:o=1|seed=403|response=0.7|optimization=1.0,f85fc77c9c6f775c9f18,f85fc77c9c6f775c9f18,-5.642022624455295,0.4042468077744325,0.4
2,-8.724246807774433,-10.404246807774433,1.68,-8.32,0.4042468077744325,0.7,403,,controlled-e4-value-vs-improvement-v1:r=0.7:o=1|seed=403|response=0.7|optimization=1.0,c5c868c530737fadd1aa,c5c868c530737fadd1aa,-10.0,0.4042468077744325,0.6
3,-7.604246807774434,-10.404246807774433,2.7999999999999994,-7.200000000000001,0.4042468077744325,0.7,403,,controlled-e4-value-vs-improvement-v1:r=0.7:o=1|seed=403|response=0.7|optimization=1.0,71b78f98fa9014ef6d50,71b78f98fa9014ef6d50,-10.0,0.4042468077744325,0.9999999999999998
0,-1.6577345485909043,-2.2177345485909044,0.5600000000000002,-1.2553164657695906,0.40241808282131397,0.7,404,True,controlled-e4-value-vs-improvement-v1:r=0.7:o=1|seed=404|response=0.7|optimization=1.0,bea94165cb17b112fb58,bea94165cb17b112fb58,-1.8153164657695906,0.40241808282131397,0.20000000000000007
1,-4.928098157182846,-6.048098157182846,1.1199999999999999,-4.5256800743615315,0.40241808282131397,0.7,404,,controlled-e4-value-vs-improvement-v1:r=0.7:o=1|seed=404|response=0.7|optimization=1.0,40321a9e730be6eb6328,40321a9e730be6eb6328,-5.645680074361532,0.40241808282131397,0.4
2,-8.722418082821314,-10.402418082821313,1.68,-8.32,0.40241808282131397,0.7,404,,controlled-e4-value-vs-improvement-v1:r=0.7:o=1|seed=404|response=0.7|optimization=1.0,2ba3358f8e081f3e77ab,2ba3358f8e081f3e77ab,-10.0,0.40241808282131397,0.6
3,-7.602418082821314,-10.402418082821313,2.7999999999999994,-7.200000000000001,0.40241808282131397,0.7,404,,controlled-e4-value-vs-improvement-v1:r=0.7:o=1|seed=404|response=0.7|optimization=1.0,28ba171f1886190f093c,28ba171f1886190f093c,-10.0,0.40241808282131397,0.9999999999999998
0,-1.6767779693457054,-2.2367779693457055,0.5600000000000002,-1.3124467280339935,0.364331241311712,0.7,405,True,controlled-e4-value-vs-improvement-v1:r=0.7:o=1|seed=405|response=0.7|optimization=1.0,dce14aa63036806c3581,dce14aa63036806c3581,-1.8724467280339936,0.364331241311712,0.20000000000000007
1,-4.966184998692448,-6.086184998692448,1.1199999999999999,-4.601853757380736,0.364331241311712,0.7,405,,controlled-e4-value-vs-improvement-v1:r=0.7:o=1|seed=405|response=0.7|optimization=1.0,ab2f1346ad7dde9b3373,ab2f1346ad7dde9b3373,-5.721853757380736,0.364331241311712,0.4
2,-8.684331241311712,-10.364331241311712,1.68,-8.32,0.364331241311712,0.7,405,,controlled-e4-value-vs-improvement-v1:r=0.7:o=1|seed=405|response=0.7|optimization=1.0,29fe81ab56196de5c301,29fe81ab56196de5c301,-10.0,0.364331241311712,0.6
3,-7.564331241311713,-10.364331241311712,2.7999999999999994,-7.200000000000001,0.364331241311712,0.7,405,,controlled-e4-value-vs-improvement-v1:r=0.7:o=1|seed=405|response=0.7|optimization=1.0,4c61fa48c81634a8d25a,4c61fa48c81634a8d25a,-10.0,0.364331241311712,0.9999999999999998
2,-7.845889420243013,-10.365889420243013,2.519999999999999,-7.48,0.36588942024301263,0.7,401,,controlled-e4-value-vs-improvement-v1:r=0.7:o=1.5|seed=401|response=0.7|optimization=1.5,c3d54c63d8ede9c16e45,c3d54c63d8ede9c16e45,-10.0,0.36588942024301263,0.8999999999999998
3,-6.165889420243014,-10.365889420243013,4.199999999999999,-5.800000000000001,0.36588942024301263,0.7,401,True,controlled-e4-value-vs-improvement-v1:r=0.7:o=1.5|seed=401|response=0.7|optimization=1.5,e37b6e96bedc25e56a46,e37b6e96bedc25e56a46,-10.0,0.36588942024301263,1.5
0,-3.1583873777824634,-3.9983873777824637,0.8400000000000001,-2.845368838155438,0.3130185396270256,0.7,402,True,controlled-e4-value-vs-improvement-v1:r=0.7:o=1.5|seed=402|response=0.7|optimization=1.5,f46ede4077541a7896c6,f46ede4077541a7896c6,-3.685368838155438,0.3130185396270256,0.30000000000000004
1,-8.633018539627026,-10.313018539627025,1.68,-8.32,0.3130185396270256,0.7,402,,controlled-e4-value-vs-improvement-v1:r=0.7:o=1.5|seed=402|response=0.7|optimization=1.5,956c27142ea1044d3aed,956c27142ea1044d3aed,-10.0,0.3130185396270256,0.6
2,-7.793018539627026,-10.313018539627025,2.519999999999999,-7.48,0.3130185396270256,0.7,402,,controlled-e4-value-vs-improvement-v1:r=0.7:o=1.5|seed=402|response=0.7|optimization=1.5,ea9a23b39d58e0e50b9f,ea9a23b39d58e0e50b9f,-10.0,0.3130185396270256,0.8999999999999998
3,-6.113018539627026,-10.313018539627025,4.199999999999999,-5.800000000000001,0.3130185396270256,0.7,402,,controlled-e4-value-vs-improvement-v1:r=0.7:o=1.5|seed=402|response=0.7|optimization=1.5,44b3b9ae1c8ad8f539de,44b3b9ae1c8ad8f539de,-10.0,0.3130185396270256,1.5
0,-3.0899661766719086,-3.929966176671909,0.8400000000000001,-2.6857193688974768,0.4042468077744325,0.7,403,True,controlled-e4-value-vs-improvement-v1:r=0.7:o=1.5|seed=403|response=0.7|optimization=1.5,4aa355688378352dd5f5,4aa355688378352dd5f5,-3.5257193688974766,0.4042468077744325,0.30000000000000004
1,-8.724246807774433,-10.404246807774433,1.68,-8.32,0.4042468077744325,0.7,403,,controlled-e4-value-vs-improvement-v1:r=0.7:o=1.5|seed=403|response=0.7|optimization=1.5,b5e2d2ee646755d41b89,b5e2d2ee646755d41b89,-10.0,0.4042468077744325,0.6
2,-7.884246807774433,-10.404246807774433,2.519999999999999,-7.48,0.4042468077744325,0.7,403,,controlled-e4-value-vs-improvement-v1:r=0.7:o=1.5|seed=403|response=0.7|optimization=1.5,82a72f277524e669869f,82a72f277524e669869f,-10.0,0.4042468077744325,0.8999999999999998
3,-6.2042468077744335,-10.404246807774433,4.199999999999999,-5.800000000000001,0.4042468077744325,0.7,403,,controlled-e4-value-vs-improvement-v1:r=0.7:o=1.5|seed=403|response=0.7|optimization=1.5,aa1ce833ec9a502eaa50,aa1ce833ec9a502eaa50,-10.0,0.4042468077744325,1.5
0,-3.091337720386747,-3.931337720386747,0.8400000000000001,-2.6889196375654327,0.40241808282131397,0.7,404,True,controlled-e4-value-vs-improvement-v1:r=0.7:o=1.5|seed=404|response=0.7|optimization=1.5,f79be2e7cedeeb549871,f79be2e7cedeeb549871,-3.528919637565433,0.40241808282131397,0.30000000000000004
1,-8.722418082821314,-10.402418082821313,1.68,-8.32,0.40241808282131397,0.7,404,,controlled-e4-value-vs-improvement-v1:r=0.7:o=1.5|seed=404|response=0.7|optimization=1.5,9efaf79050cd9eb7c924,9efaf79050cd9eb7c924,-10.0,0.40241808282131397,0.6
2,-7.882418082821314,-10.402418082821313,2.519999999999999,-7.48,0.40241808282131397,0.7,404,,controlled-e4-value-vs-improvement-v1:r=0.7:o=1.5|seed=404|response=0.7|optimization=1.5,1fbc02fcf9a1ff31f044,1fbc02fcf9a1ff31f044,-10.0,0.40241808282131397,0.8999999999999998
3,-6.202418082821314,-10.402418082821313,4.199999999999999,-5.800000000000001,0.40241808282131397,0.7,404,,controlled-e4-value-vs-improvement-v1:r=0.7:o=1.5|seed=404|response=0.7|optimization=1.5,1646b6534ff488154e40,1646b6534ff488154e40,-10.0,0.40241808282131397,1.5
0,-3.1199028515189493,-3.959902851518949,0.8400000000000001,-2.7555716102072374,0.364331241311712,0.7,405,True,controlled-e4-value-vs-improvement-v1:r=0.7:o=1.5|seed=405|response=0.7|optimization=1.5,060dd067b2ed12740cde,060dd067b2ed12740cde,-3.5955716102072373,0.364331241311712,0.30000000000000004
1,-8.684331241311712,-10.364331241311712,1.68,-8.32,0.364331241311712,0.7,405,,controlled-e4-value-vs-improvement-v1:r=0.7:o=1.5|seed=405|response=0.7|optimization=1.5,376b965e9b73b75a4e2d,376b965e9b73b75a4e2d,-10.0,0.364331241311712,0.6
2,-7.844331241311712,-10.364331241311712,2.519999999999999,-7.48,0.364331241311712,0.7,405,,controlled-e4-value-vs-improvement-v1:r=0.7:o=1.5|seed=405|response=0.7|optimization=1.5,458329b75e97aa01e75f,458329b75e97aa01e75f,-10.0,0.364331241311712,0.8999999999999998
3,-6.164331241311713,-10.364331241311712,4.199999999999999,-5.800000000000001,0.364331241311712,0.7,405,,controlled-e4-value-vs-improvement-v1:r=0.7:o=1.5|seed=405|response=0.7|optimization=1.5,13627eb5a0bacd145e16,13627eb5a0bacd145e16,-10.0,0.364331241311712,1.5
2,-4.6661898951788405,-5.746189895178841,1.0799999999999998,-5.16694565207928,-0.5007557569004389,0.9,401,True,controlled-e4-value-vs-improvement-v1:r=0.9:o=0.5|seed=401|response=0.9|optimization=0.5,d03c02610a5183652646,d03c02610a5183652646,-6.24694565207928,-0.5007557569004389,0.29999999999999993
3,-7.699244243099561,-9.499244243099561,1.8,-8.2,-0.5007557569004389,0.9,401,,controlled-e4-value-vs-improvement-v1:r=0.9:o=0.5|seed=401|response=0.9|optimization=0.5,7f28eba14484a9e4fb55,7f28eba14484a9e4fb55,-10.0,-0.5007557569004389,0.5
0,-1.057126439737086,-1.417126439737086,0.35999999999999993,-1.6107530772535124,-0.5536266375164263,0.9,402,True,controlled-e4-value-vs-improvement-v1:r=0.9:o=0.5|seed=402|response=0.9|optimization=0.5,8f8b7c9bc70ade922622,8f8b7c9bc70ade922622,-1.9707530772535122,-0.5536266375164263,0.09999999999999998
1,-2.6257407916173636,-3.345740791617364,0.7200000000000003,-3.17936742913379,-0.5536266375164263,0.9,402,,controlled-e4-value-vs-improvement-v1:r=0.9:o=0.5|seed=402|response=0.9|optimization=0.5,dc89543b7656f070532d,dc89543b7656f070532d,-3.89936742913379,-0.5536266375164263,0.20000000000000007
2,-4.70584305564083,-5.7858430556408305,1.0799999999999998,-5.259469693157257,-0.5536266375164263,0.9,402,,controlled-e4-value-vs-improvement-v1:r=0.9:o=0.5|seed=402|response=0.9|optimization=0.5,cfa4f6f7ed06febf45bc,cfa4f6f7ed06febf45bc,-6.339469693157257,-0.5536266375164263,0.29999999999999993
3,-7.6463733624835735,-9.446373362483573,1.8,-8.2,-0.5536266375164263,0.9,402,,controlled-e4-value-vs-improvement-v1:r=0.9:o=0.5|seed=402|response=0.9|optimization=0.5,126a37af80f0639aa63f,126a37af80f0639aa63f,-10.0,-0.5536266375164263,0.5
0,-1.0343193727002342,-1.394319372700234,0.35999999999999993,-1.496717742069254,-0.4623983693690196,0.9,403,True,controlled-e4-value-vs-improvement-v1:r=0.9:o=0.5|seed=403|response=0.9|optimization=0.5,55793ae16f96c183b430,55793ae16f96c183b430,-1.8567177420692538,-0.4623983693690196,0.09999999999999998
1,-2.58012665754366,-3.30012665754366,0.7200000000000003,-3.0425250269126796,-0.4623983693690196,0.9,403,,controlled-e4-value-vs-improvement-v1:r=0.9:o=0.5|seed=403|response=0.9|optimization=0.5,6d29b6a884eec67b7e4d,6d29b6a884eec67b7e4d,-3.7625250269126798,-0.4623983693690196,0.20000000000000007
2,-4.6374218545302766,-5.717421854530277,1.0799999999999998,-5.099820223899296,-0.4623983693690196,0.9,403,,controlled-e4-value-vs-improvement-v1:r=0.9:o=0.5|seed=403|response=0.9|optimization=0.5,787fd3a222b91a757c2f,787fd3a222b91a757c2f,-6.179820223899296,-0.4623983693690196,0.29999999999999993
3,-7.737601630630981,-9.53760163063098,1.8,-8.2,-0.4623983693690196,0.9,403,,controlled-e4-value-vs-improvement-v1:r=0.9:o=0.5|seed=403|response=0.9|optimization=0.5,a682feb4f74b4c9788b7,a682feb4f74b4c9788b7,-10.0,-0.4623983693690196,0.5
0,-1.0347765539385139,-1.3947765539385137,0.35999999999999993,-1.4990036482606515,-0.4642270943221376,0.9,404,True,controlled-e4-value-vs-improvement-v1:r=0.9:o=0.5|seed=404|response=0.9|optimization=0.5,3604f4b3b399d124fc45,3604f4b3b399d124fc45,-1.8590036482606513,-0.4642270943221376,0.09999999999999998
1,-2.5810410200202187,-3.301041020020219,0.7200000000000003,-3.0452681143423566,-0.4642270943221376,0.9,404,,controlled-e4-value-vs-improvement-v1:r=0.9:o=0.5|seed=404|response=0.9|optimization=0.5,97124dc9d1332cf2c4a4,97124dc9d1332cf2c4a4,-3.7652681143423568,-0.4642270943221376,0.20000000000000007
2,-4.638793398245114,-5.718793398245114,1.0799999999999998,-5.103020492567252,-0.4642270943221376,0.9,404,,controlled-e4-value-vs-improvement-v1:r=0.9:o=0.5|seed=404|response=0.9|optimization=0.5,f4f56d2dfd557c0ea531,f4f56d2dfd557c0ea531,-6.183020492567252,-0.4642270943221376,0.29999999999999993
3,-7.735772905677863,-9.535772905677863,1.8,-8.2,-0.4642270943221376,0.9,404,,controlled-e4-value-vs-improvement-v1:r=0.9:o=0.5|seed=404|response=0.9|optimization=0.5,055468ac7b7abcd83ce0,055468ac7b7abcd83ce0,-10.0,-0.4642270943221376,0.5
0,-1.0442982643159144,-1.4042982643159143,0.35999999999999993,-1.546612200147654,-0.5023139358317397,0.9,405,True,controlled-e4-value-vs-improvement-v1:r=0.9:o=0.5|seed=405|response=0.9|optimization=0.5,5d1098123b7ecba7251a,5d1098123b7ecba7251a,-1.906612200147654,-0.5023139358317397,0.09999999999999998
1,-2.60008444077502,-3.32008444077502,0.7200000000000003,-3.1023983766067595,-0.5023139358317397,0.9,405,,controlled-e4-value-vs-improvement-v1:r=0.9:o=0.5|seed=405|response=0.9|optimization=0.5,f3dfe037708534e54277,f3dfe037708534e54277,-3.8223983766067597,-0.5023139358317397,0.20000000000000007
2,-4.667358529377315,-5.7473585293773155,1.0799999999999998,-5.1696724652090555,-0.5023139358317397,0.9,405,,controlled-e4-value-vs-improvement-v1:r=0.9:o=0.5|seed=405|response=0.9|optimization=0.5,59d066f931c78240511c,59d066f931c78240511c,-6.249672465209056,-0.5023139358317397,0.29999999999999993
3,-7.69768606416826,-9.49768606416826,1.8,-8.2,-0.5023139358317397,0.9,405,,controlled-e4-value-vs-improvement-v1:r=0.9:o=0.5|seed=405|response=0.9|optimization=0.5,48493596689cafa4e624,48493596689cafa4e624,-10.0,-0.5023139358317397,0.5
2,-7.339244243099561,-9.499244243099561,2.16,-7.84,-0.5007557569004389,0.9,401,,controlled-e4-value-vs-improvement-v1:r=0.9:o=1|seed=401|response=0.9|optimization=1.0,c9d9a0bd052f8e267ed8,c9d9a0bd052f8e267ed8,-10.0,-0.5007557569004389,0.6
3,-5.899244243099561,-9.499244243099561,3.599999999999999,-6.4,-0.5007557569004389,0.9,401,True,controlled-e4-value-vs-improvement-v1:r=0.9:o=1|seed=401|response=0.9|optimization=1.0,66071f0fc1b547e0c70d,66071f0fc1b547e0c70d,-10.0,-0.5007557569004389,0.9999999999999998
0,-2.6257407916173636,-3.345740791617364,0.7200000000000003,-3.17936742913379,-0.5536266375164263,0.9,402,True,controlled-e4-value-vs-improvement-v1:r=0.9:o=1|seed=402|response=0.9|optimization=1.0,f7139d1bbe92572f8384,f7139d1bbe92572f8384,-3.89936742913379,-0.5536266375164263,0.20000000000000007
1,-7.2974332318074895,-8.73743323180749,1.4400000000000002,-7.851059869323916,-0.5536266375164263,0.9,402,,controlled-e4-value-vs-improvement-v1:r=0.9:o=1|seed=402|response=0.9|optimization=1.0,482a8d626994f3819197,482a8d626994f3819197,-9.291059869323917,-0.5536266375164263,0.4
2,-7.286373362483573,-9.446373362483573,2.16,-7.84,-0.5536266375164263,0.9,402,,controlled-e4-value-vs-improvement-v1:r=0.9:o=1|seed=402|response=0.9|optimization=1.0,482974c175af74079365,482974c175af74079365,-10.0,-0.5536266375164263,0.6
3,-5.846373362483574,-9.446373362483573,3.599999999999999,-6.4,-0.5536266375164263,0.9,402,,controlled-e4-value-vs-improvement-v1:r=0.9:o=1|seed=402|response=0.9|optimization=1.0,3df06a387e5b21a07e62,3df06a387e5b21a07e62,-10.0,-0.5536266375164263,0.9999999999999998
0,-2.58012665754366,-3.30012665754366,0.7200000000000003,-3.0425250269126796,-0.4623983693690196,0.9,403,True,controlled-e4-value-vs-improvement-v1:r=0.9:o=1|seed=403|response=0.9|optimization=1.0,18c6ec07b1d9d0eb4e77,18c6ec07b1d9d0eb4e77,-3.7625250269126798,-0.4623983693690196,0.20000000000000007
1,-7.206204963660082,-8.646204963660082,1.4400000000000002,-7.668603333029101,-0.4623983693690196,0.9,403,,controlled-e4-value-vs-improvement-v1:r=0.9:o=1|seed=403|response=0.9|optimization=1.0,7664be78f763d70e4462,7664be78f763d70e4462,-9.108603333029102,-0.4623983693690196,0.4
2,-7.377601630630981,-9.53760163063098,2.16,-7.84,-0.4623983693690196,0.9,403,,controlled-e4-value-vs-improvement-v1:r=0.9:o=1|seed=403|response=0.9|optimization=1.0,e630ed782f913cd6ac96,e630ed782f913cd6ac96,-10.0,-0.4623983693690196,0.6
3,-5.937601630630981,-9.53760163063098,3.599999999999999,-6.4,-0.4623983693690196,0.9,403,,controlled-e4-value-vs-improvement-v1:r=0.9:o=1|seed=403|response=0.9|optimization=1.0,f92cb28b684b5b26c8bd,f92cb28b684b5b26c8bd,-10.0,-0.4623983693690196,0.9999999999999998
0,-2.5810410200202187,-3.301041020020219,0.7200000000000003,-3.0452681143423566,-0.4642270943221376,0.9,404,True,controlled-e4-value-vs-improvement-v1:r=0.9:o=1|seed=404|response=0.9|optimization=1.0,24fac9d86cbeede3ea26,24fac9d86cbeede3ea26,-3.7652681143423568,-0.4642270943221376,0.20000000000000007
1,-7.2080336886132015,-8.648033688613202,1.4400000000000002,-7.672260782935338,-0.4642270943221376,0.9,404,,controlled-e4-value-vs-improvement-v1:r=0.9:o=1|seed=404|response=0.9|optimization=1.0,84b723ab506ef20652fe,84b723ab506ef20652fe,-9.112260782935339,-0.4642270943221376,0.4
2,-7.375772905677863,-9.535772905677863,2.16,-7.84,-0.4642270943221376,0.9,404,,controlled-e4-value-vs-improvement-v1:r=0.9:o=1|seed=404|response=0.9|optimization=1.0,9a59b44bee90813d00ce,9a59b44bee90813d00ce,-10.0,-0.4642270943221376,0.6
3,-5.935772905677863,-9.535772905677863,3.599999999999999,-6.4,-0.4642270943221376,0.9,404,,controlled-e4-value-vs-improvement-v1:r=0.9:o=1|seed=404|response=0.9|optimization=1.0,ceba50fa41fc540e8384,ceba50fa41fc540e8384,-10.0,-0.4642270943221376,0.9999999999999998
0,-2.60008444077502,-3.32008444077502,0.7200000000000003,-3.1023983766067595,-0.5023139358317397,0.9,405,True,controlled-e4-value-vs-improvement-v1:r=0.9:o=1|seed=405|response=0.9|optimization=1.0,a6f46bae9178a0899b6d,a6f46bae9178a0899b6d,-3.8223983766067597,-0.5023139358317397,0.20000000000000007
1,-7.246120530122803,-8.686120530122803,1.4400000000000002,-7.748434465954543,-0.5023139358317397,0.9,405,,controlled-e4-value-vs-improvement-v1:r=0.9:o=1|seed=405|response=0.9|optimization=1.0,7c9a7501c37c702a1ee7,7c9a7501c37c702a1ee7,-9.188434465954543,-0.5023139358317397,0.4
2,-7.33768606416826,-9.49768606416826,2.16,-7.84,-0.5023139358317397,0.9,405,,controlled-e4-value-vs-improvement-v1:r=0.9:o=1|seed=405|response=0.9|optimization=1.0,9710726149a69581d598,9710726149a69581d598,-10.0,-0.5023139358317397,0.6
3,-5.89768606416826,-9.49768606416826,3.599999999999999,-6.4,-0.5023139358317397,0.9,405,,controlled-e4-value-vs-improvement-v1:r=0.9:o=1|seed=405|response=0.9|optimization=1.0,bcad2e5f62401dc116f2,bcad2e5f62401dc116f2,-10.0,-0.5023139358317397,0.9999999999999998
2,-6.259244243099562,-9.499244243099561,3.2399999999999993,-6.760000000000001,-0.5007557569004389,0.9,401,,controlled-e4-value-vs-improvement-v1:r=0.9:o=1.5|seed=401|response=0.9|optimization=1.5,1a43d3a611a58c7fd21c,1a43d3a611a58c7fd21c,-10.0,-0.5007557569004389,0.8999999999999998
3,-4.099244243099561,-9.499244243099561,5.4,-4.6,-0.5007557569004389,0.9,401,True,controlled-e4-value-vs-improvement-v1:r=0.9:o=1.5|seed=401|response=0.9|optimization=1.5,f7682fadbedb50ba2f6c,f7682fadbedb50ba2f6c,-10.0,-0.5007557569004389,1.5
0,-4.705843055640832,-5.785843055640832,1.0800000000000003,-5.259469693157258,-0.5536266375164263,0.9,402,,controlled-e4-value-vs-improvement-v1:r=0.9:o=1.5|seed=402|response=0.9|optimization=1.5,2b7698d60215ec30b749,2b7698d60215ec30b749,-6.339469693157258,-0.5536266375164263,0.30000000000000004
1,-7.286373362483573,-9.446373362483573,2.16,-7.84,-0.5536266375164263,0.9,402,,controlled-e4-value-vs-improvement-v1:r=0.9:o=1.5|seed=402|response=0.9|optimization=1.5,c2e4fec12d984571101d,c2e4fec12d984571101d,-10.0,-0.5536266375164263,0.6
2,-6.206373362483574,-9.446373362483573,3.2399999999999993,-6.760000000000001,-0.5536266375164263,0.9,402,,controlled-e4-value-vs-improvement-v1:r=0.9:o=1.5|seed=402|response=0.9|optimization=1.5,3d0b4b3ede7de994791d,3d0b4b3ede7de994791d,-10.0,-0.5536266375164263,0.8999999999999998
3,-4.046373362483573,-9.446373362483573,5.4,-4.6,-0.5536266375164263,0.9,402,True,controlled-e4-value-vs-improvement-v1:r=0.9:o=1.5|seed=402|response=0.9|optimization=1.5,bd8371c205e4838f8680,bd8371c205e4838f8680,-10.0,-0.5536266375164263,1.5
0,-4.637421854530277,-5.7174218545302775,1.0800000000000003,-5.099820223899297,-0.4623983693690196,0.9,403,,controlled-e4-value-vs-improvement-v1:r=0.9:o=1.5|seed=403|response=0.9|optimization=1.5,46df9c918673c619508f,46df9c918673c619508f,-6.179820223899297,-0.4623983693690196,0.30000000000000004
1,-7.377601630630981,-9.53760163063098,2.16,-7.84,-0.4623983693690196,0.9,403,,controlled-e4-value-vs-improvement-v1:r=0.9:o=1.5|seed=403|response=0.9|optimization=1.5,92f9c9d0fc2bfa668133,92f9c9d0fc2bfa668133,-10.0,-0.4623983693690196,0.6
2,-6.297601630630981,-9.53760163063098,3.2399999999999993,-6.760000000000001,-0.4623983693690196,0.9,403,,controlled-e4-value-vs-improvement-v1:r=0.9:o=1.5|seed=403|response=0.9|optimization=1.5,267c2285b6c8843ed5cd,267c2285b6c8843ed5cd,-10.0,-0.4623983693690196,0.8999999999999998
3,-4.13760163063098,-9.53760163063098,5.4,-4.6,-0.4623983693690196,0.9,403,True,controlled-e4-value-vs-improvement-v1:r=0.9:o=1.5|seed=403|response=0.9|optimization=1.5,9a178660834293b69976,9a178660834293b69976,-10.0,-0.4623983693690196,1.5
0,-4.638793398245114,-5.718793398245114,1.0800000000000003,-5.103020492567252,-0.4642270943221376,0.9,404,,controlled-e4-value-vs-improvement-v1:r=0.9:o=1.5|seed=404|response=0.9|optimization=1.5,6c701e30b89e8e594aa1,6c701e30b89e8e594aa1,-6.183020492567252,-0.4642270943221376,0.30000000000000004
1,-7.375772905677863,-9.535772905677863,2.16,-7.84,-0.4642270943221376,0.9,404,,controlled-e4-value-vs-improvement-v1:r=0.9:o=1.5|seed=404|response=0.9|optimization=1.5,4947917e072047e0b77b,4947917e072047e0b77b,-10.0,-0.4642270943221376,0.6
2,-6.295772905677864,-9.535772905677863,3.2399999999999993,-6.760000000000001,-0.4642270943221376,0.9,404,,controlled-e4-value-vs-improvement-v1:r=0.9:o=1.5|seed=404|response=0.9|optimization=1.5,675f47884945888b2f77,675f47884945888b2f77,-10.0,-0.4642270943221376,0.8999999999999998
3,-4.135772905677863,-9.535772905677863,5.4,-4.6,-0.4642270943221376,0.9,404,True,controlled-e4-value-vs-improvement-v1:r=0.9:o=1.5|seed=404|response=0.9|optimization=1.5,069d061cc227143ce0c5,069d061cc227143ce0c5,-10.0,-0.4642270943221376,1.5
0,-4.667358529377317,-5.747358529377317,1.0800000000000003,-5.169672465209056,-0.5023139358317397,0.9,405,,controlled-e4-value-vs-improvement-v1:r=0.9:o=1.5|seed=405|response=0.9|optimization=1.5,797b4ecb1d1096ed5bc3,797b4ecb1d1096ed5bc3,-6.2496724652090565,-0.5023139358317397,0.30000000000000004
1,-7.33768606416826,-9.49768606416826,2.16,-7.84,-0.5023139358317397,0.9,405,,controlled-e4-value-vs-improvement-v1:r=0.9:o=1.5|seed=405|response=0.9|optimization=1.5,14f34113d09cdac70abd,14f34113d09cdac70abd,-10.0,-0.5023139358317397,0.6
2,-6.257686064168261,-9.49768606416826,3.2399999999999993,-6.760000000000001,-0.5023139358317397,0.9,405,,controlled-e4-value-vs-improvement-v1:r=0.9:o=1.5|seed=405|response=0.9|optimization=1.5,f6d618fdd010918a8a5a,f6d618fdd010918a8a5a,-10.0,-0.5023139358317397,0.8999999999999998
3,-4.0976860641682595,-9.49768606416826,5.4,-4.6,-0.5023139358317397,0.9,405,True,controlled-e4-value-vs-improvement-v1:r=0.9:o=1.5|seed=405|response=0.9|optimization=1.5,e9778d045c9273f88622,e9778d045c9273f88622,-10.0,-0.5023139358317397,1.5
