CISR_ci_high,CISR_ci_low,budget,candidate_count,environment_id,mean_CISR,mean_CTI,mean_hf_cost,median_CISR,method,n_seeds,oracle_noncomparable
1.808503341074186e-05,0.0,0,16,congestion_resource,6.0283444702472855e-06,0.07646463024440281,0.0,0.0,all_hf,30,True
0.00985391035370387,0.006711524363453787,0,16,performative_control,0.008253539844473768,0.0017808107983742522,0.0,0.007453066428457236,all_hf,30,True
0.0,0.0,0,4,congestion_resource,0.0,0.06994132373834828,0.0,0.0,all_hf,30,True
0.0036634247160720022,0.0017426515656602676,0,4,performative_control,0.002628389292718187,0.007118522190140991,0.0,0.0017636999583307972,all_hf,30,True
1.8169995077073805e-05,0.0,0,8,congestion_resource,6.070825303413259e-06,0.07396414544312792,0.0,0.0,all_hf,30,True
0.00665407601661833,0.003994518545288915,0,8,performative_control,0.005259874711284806,0.004625672171984891,0.0,0.004051870510283551,all_hf,30,True
0.0,0.0,1,16,congestion_resource,0.0,0.07647065858887306,16.0,0.0,all_hf,30,True
0.0,0.0,1,16,performative_control,0.0,0.010034350642848019,16.0,0.0,all_hf,30,True
0.0,0.0,1,4,congestion_resource,0.0,0.06994132373834828,4.0,0.0,all_hf,30,True
0.0,0.0,1,4,performative_control,0.0,0.009746911482859177,4.0,0.0,all_hf,30,True
0.0,0.0,1,8,congestion_resource,0.0,0.07397021626843132,8.0,0.0,all_hf,30,True
0.0,0.0,1,8,performative_control,0.0,0.009885546883269695,8.0,0.0,all_hf,30,True
0.0,0.0,16,16,congestion_resource,0.0,0.07647065858887306,16.0,0.0,all_hf,30,True
0.0,0.0,16,16,performative_control,0.0,0.010034350642848019,16.0,0.0,all_hf,30,True
0.0,0.0,16,4,congestion_resource,0.0,0.06994132373834828,4.0,0.0,all_hf,30,True
0.0,0.0,16,4,performative_control,0.0,0.009746911482859177,4.0,0.0,all_hf,30,True
0.0,0.0,16,8,congestion_resource,0.0,0.07397021626843132,8.0,0.0,all_hf,30,True
0.0,0.0,16,8,performative_control,0.0,0.009885546883269695,8.0,0.0,all_hf,30,True
0.0,0.0,2,16,congestion_resource,0.0,0.07647065858887306,16.0,0.0,all_hf,30,True
0.0,0.0,2,16,performative_control,0.0,0.010034350642848019,16.0,0.0,all_hf,30,True
0.0,0.0,2,4,congestion_resource,0.0,0.06994132373834828,4.0,0.0,all_hf,30,True
0.0,0.0,2,4,performative_control,0.0,0.009746911482859177,4.0,0.0,all_hf,30,True
0.0,0.0,2,8,congestion_resource,0.0,0.07397021626843132,8.0,0.0,all_hf,30,True
0.0,0.0,2,8,performative_control,0.0,0.009885546883269695,8.0,0.0,all_hf,30,True
0.0,0.0,4,16,congestion_resource,0.0,0.07647065858887306,16.0,0.0,all_hf,30,True
0.0,0.0,4,16,performative_control,0.0,0.010034350642848019,16.0,0.0,all_hf,30,True
0.0,0.0,4,4,congestion_resource,0.0,0.06994132373834828,4.0,0.0,all_hf,30,True
0.0,0.0,4,4,performative_control,0.0,0.009746911482859177,4.0,0.0,all_hf,30,True
0.0,0.0,4,8,congestion_resource,0.0,0.07397021626843132,8.0,0.0,all_hf,30,True
0.0,0.0,4,8,performative_control,0.0,0.009885546883269695,8.0,0.0,all_hf,30,True
0.0,0.0,8,16,congestion_resource,0.0,0.07647065858887306,16.0,0.0,all_hf,30,True
0.0,0.0,8,16,performative_control,0.0,0.010034350642848019,16.0,0.0,all_hf,30,True
0.0,0.0,8,4,congestion_resource,0.0,0.06994132373834828,4.0,0.0,all_hf,30,True
0.0,0.0,8,4,performative_control,0.0,0.009746911482859177,4.0,0.0,all_hf,30,True
0.0,0.0,8,8,congestion_resource,0.0,0.07397021626843132,8.0,0.0,all_hf,30,True
0.0,0.0,8,8,performative_control,0.0,0.009885546883269695,8.0,0.0,all_hf,30,True
0.003322564266077684,0.0011682524906147943,0,16,congestion_resource,0.0021831214639755608,0.07428753712489751,0.0,0.0,global_voi,30,False
0.004294248176748076,0.002378968356375617,0,16,performative_control,0.003293578114843368,0.006740772528004651,0.0,0.002266406111946978,global_voi,30,False
0.002483509718931295,0.000555881521099948,0,4,congestion_resource,0.001440058730806685,0.06850126500754158,0.0,0.0,global_voi,30,False
0.0030285526754194134,0.001196847721225605,0,4,performative_control,0.002032956276147861,0.007713955206711318,0.0,0.0010830520166123375,global_voi,30,False
0.002912900085334268,0.0008079512112933277,0,8,congestion_resource,0.001774313324547642,0.07219590294388371,0.0,0.0,global_voi,30,False
0.0028687336754014796,0.0015838309223300871,0,8,performative_control,0.0021860941000863814,0.007699452783183315,0.0,0.0014221150856470188,global_voi,30,False
0.003568155094700003,0.0013600474751624596,1,16,congestion_resource,0.002413416303669787,0.07405724228520329,1.0,0.0,global_voi,30,False
0.004287542775329656,0.0023639080045298523,1,16,performative_control,0.003280281075146238,0.006754069567701781,1.0,0.002266406111946978,global_voi,30,False
0.002196221024120357,0.00041519627743772736,1,4,congestion_resource,0.0012107863444912991,0.06873053739385697,1.0,0.0,global_voi,30,False
0.002939175570322638,0.0012072606736465608,1,4,performative_control,0.001970798206745952,0.007776113276113226,1.0,0.0012262868176002722,global_voi,30,False
0.0028570633071139844,0.000811018123227647,1,8,congestion_resource,0.001774313324547642,0.07219590294388371,1.0,0.0,global_voi,30,False
0.002768097743422557,0.0015098934340742433,1,8,performative_control,0.0020907327108444507,0.007794814172425246,1.0,0.0014221150856470188,global_voi,30,False
0.0,0.0,16,16,congestion_resource,0.0,0.07647065858887306,16.0,0.0,global_voi,30,False
0.0,0.0,16,16,performative_control,0.0,0.010034350642848019,16.0,0.0,global_voi,30,False
0.0,0.0,16,4,congestion_resource,0.0,0.06994132373834828,4.0,0.0,global_voi,30,False
0.0,0.0,16,4,performative_control,0.0,0.009746911482859177,4.0,0.0,global_voi,30,False
0.0,0.0,16,8,congestion_resource,0.0,0.07397021626843132,8.0,0.0,global_voi,30,False
0.0,0.0,16,8,performative_control,0.0,0.009885546883269695,8.0,0.0,global_voi,30,False
0.0026278163085739228,0.0009378630633406253,2,16,congestion_resource,0.0017287885525260468,0.07474187003634701,2.0,0.0,global_voi,30,False
0.004305461641406583,0.0023556307947847264,2,16,performative_control,0.0032683951178658958,0.0067659555249821235,2.0,0.002266406111946978,global_voi,30,False
0.002606128011323615,0.0006157460905842364,2,4,congestion_resource,0.001546219330851047,0.06839510440749723,2.0,0.0,global_voi,30,False
0.0015897688030979626,0.0006126134652459286,2,4,performative_control,0.0010505592330460898,0.008696352249813088,2.0,0.0007247837506361154,global_voi,30,False
0.0028853239518142042,0.0008243726426479996,2,8,congestion_resource,0.001774313324547642,0.07219590294388371,2.0,0.0,global_voi,30,False
0.0032062599592599743,0.0015311635842076676,2,8,performative_control,0.0022839498580679647,0.007601597025201731,2.0,0.0014221150856470188,global_voi,30,False
0.0028087623600865108,0.0011545840464510216,4,16,congestion_resource,0.0019259930881667553,0.07454466550070629,4.0,0.0011110026748542001,global_voi,30,False
0.004070280498706695,0.0021581573026281274,4,16,performative_control,0.0030684850661782245,0.006965865576669795,4.0,0.0022198655158194164,global_voi,30,False
0.0,0.0,4,4,congestion_resource,0.0,0.06994132373834828,4.0,0.0,global_voi,30,False
0.0,0.0,4,4,performative_control,0.0,0.009746911482859177,4.0,0.0,global_voi,30,False
0.002945933074537854,0.0009487667259093785,4,8,congestion_resource,0.0018940746038218234,0.07207614166460953,4.0,0.0,global_voi,30,False
0.0031257197610189244,0.0013710401107898305,4,8,performative_control,0.0021655819983685616,0.007719964884901134,4.0,0.001352239855671039,global_voi,30,False
0.0034804800348794684,0.001383619250676768,8,16,congestion_resource,0.002378185495724209,0.07409247309314886,8.0,0.0008958373988231516,global_voi,30,False
0.004268863502427815,0.002026401550653328,8,16,performative_control,0.0030855822111515155,0.006948768431696504,8.0,0.0019658136856456065,global_voi,30,False
0.0,0.0,8,4,congestion_resource,0.0,0.06994132373834828,4.0,0.0,global_voi,30,False
0.0,0.0,8,4,performative_control,0.0,0.009746911482859177,4.0,0.0,global_voi,30,False
0.0,0.0,8,8,congestion_resource,0.0,0.07397021626843132,8.0,0.0,global_voi,30,False
0.0,0.0,8,8,performative_control,0.0,0.009885546883269695,8.0,0.0,global_voi,30,False
0.0033313342074477266,0.0011913512494172323,0,16,congestion_resource,0.0021831214639755608,0.07428753712489751,0.0,0.0,paired_lucb,30,False
0.0042870158611239715,0.002375200457161151,0,16,performative_control,0.003293578114843368,0.006740772528004651,0.0,0.002266406111946978,paired_lucb,30,False
0.002493882242827141,0.0005500322726321407,0,4,congestion_resource,0.001440058730806685,0.06850126500754158,0.0,0.0,paired_lucb,30,False
0.003035522035108222,0.0012135102496551565,0,4,performative_control,0.002032956276147861,0.007713955206711318,0.0,0.0010830520166123375,paired_lucb,30,False
0.002881474256605354,0.0008103371049004031,0,8,congestion_resource,0.001774313324547642,0.07219590294388371,0.0,0.0,paired_lucb,30,False
0.0028710358340546796,0.001585677206688861,0,8,performative_control,0.0021860941000863814,0.007699452783183315,0.0,0.0014221150856470188,paired_lucb,30,False
0.0027884523979730316,0.000886982733848537,1,16,congestion_resource,0.0017871329914062595,0.07468352559746681,1.0,0.0,paired_lucb,30,False
0.0047900655713534615,0.0019129924933647378,1,16,performative_control,0.0031623137626722022,0.006872036880175817,1.0,0.0017822422650910358,paired_lucb,30,False
0.002229018229481733,0.0003653946145971551,1,4,congestion_resource,0.0011823512307601702,0.06875897250758811,1.0,0.0,paired_lucb,30,False
0.0015640577077367327,0.0005563112526870858,1,4,performative_control,0.001003478127750614,0.008743433355108566,1.0,0.0005821945297568298,paired_lucb,30,False
0.0026721610302612372,0.0006574275908605025,1,8,congestion_resource,0.0015847011424709198,0.07238551512596042,1.0,0.0,paired_lucb,30,False
0.003181815667861047,0.0012312161334336572,1,8,performative_control,0.002103835576158295,0.007781711307111401,1.0,0.0010799923539425715,paired_lucb,30,False
0.0,0.0,16,16,congestion_resource,0.0,0.07647065858887306,16.0,0.0,paired_lucb,30,False
0.0,0.0,16,16,performative_control,0.0,0.010034350642848019,16.0,0.0,paired_lucb,30,False
0.0,0.0,16,4,congestion_resource,0.0,0.06994132373834828,4.0,0.0,paired_lucb,30,False
0.0,0.0,16,4,performative_control,0.0,0.009746911482859177,4.0,0.0,paired_lucb,30,False
0.0,0.0,16,8,congestion_resource,0.0,0.07397021626843132,8.0,0.0,paired_lucb,30,False
0.0,0.0,16,8,performative_control,0.0,0.009885546883269695,8.0,0.0,paired_lucb,30,False
0.0020926598060990965,0.0004691538104765007,2,16,congestion_resource,0.0011960429831668043,0.07527461560570627,2.0,0.0,paired_lucb,30,False
0.004267627889299249,0.0019587945201460628,2,16,performative_control,0.003020977357701317,0.007013373285146702,2.0,0.0016762920146654314,paired_lucb,30,False
0.0008812136091732147,1.4860003102020365e-05,2,4,congestion_resource,0.00038493434359474497,0.06955638939475352,2.0,0.0,paired_lucb,30,False
0.0008383661296690783,0.0003134278246000929,2,4,performative_control,0.000554284094838652,0.009192627388020526,2.0,0.0003777283811596671,paired_lucb,30,False
0.0008568576673543641,5.7720246551821544e-05,2,8,congestion_resource,0.0004088723037948087,0.07356134396463652,2.0,0.0,paired_lucb,30,False
0.0020614668262262316,0.000944267205181667,2,8,performative_control,0.0014620054294387879,0.008423541453830907,2.0,0.0008818300407903157,paired_lucb,30,False
0.0010162796053551932,8.848081886270546e-05,4,16,congestion_resource,0.0004858640698889564,0.07598479451898413,4.0,0.0,paired_lucb,30,False
0.002322078743099276,0.0008742610526786739,4,16,performative_control,0.001498717436379557,0.008535633206468463,4.0,0.0008653368296214631,paired_lucb,30,False
0.0,0.0,4,4,congestion_resource,0.0,0.06994132373834828,4.0,0.0,paired_lucb,30,False
0.0,0.0,4,4,performative_control,0.0,0.009746911482859177,4.0,0.0,paired_lucb,30,False
0.00017316073965546465,0.0,4,8,congestion_resource,5.7720246551821544e-05,0.07391249602187953,4.0,0.0,paired_lucb,30,False
0.0005548998329964123,0.0002916601809387763,4,8,performative_control,0.00042134796860205753,0.009464198914667637,4.0,0.00041713062124650035,paired_lucb,30,False
0.0,0.0,8,16,congestion_resource,0.0,0.07647065858887306,8.0,0.0,paired_lucb,30,False
0.0007373324533344028,0.0003305573489006864,8,16,performative_control,0.0005006065410385877,0.009533744101809431,8.0,0.0003625980765588205,paired_lucb,30,False
0.0,0.0,8,4,congestion_resource,0.0,0.06994132373834828,4.0,0.0,paired_lucb,30,False
0.0,0.0,8,4,performative_control,0.0,0.009746911482859177,4.0,0.0,paired_lucb,30,False
0.0,0.0,8,8,congestion_resource,0.0,0.07397021626843132,8.0,0.0,paired_lucb,30,False
0.0,0.0,8,8,performative_control,0.0,0.009885546883269695,8.0,0.0,paired_lucb,30,False
0.003333324264745121,0.001174507946323514,0,16,congestion_resource,0.0021831214639755608,0.07428753712489751,0.0,0.0,pivot_h,30,False
0.004285030092766175,0.0023691320301120894,0,16,performative_control,0.003293578114843368,0.006740772528004651,0.0,0.002266406111946978,pivot_h,30,False
0.0024750378842386986,0.0005437895237210301,0,4,congestion_resource,0.001440058730806685,0.06850126500754158,0.0,0.0,pivot_h,30,False
0.0030367200220843033,0.0012243933651355182,0,4,performative_control,0.002032956276147861,0.007713955206711318,0.0,0.0010830520166123375,pivot_h,30,False
0.0028818948050959737,0.00080091873343369,0,8,congestion_resource,0.001774313324547642,0.07219590294388371,0.0,0.0,pivot_h,30,False
0.002874916757408376,0.0015759620748550824,0,8,performative_control,0.0021860941000863814,0.007699452783183315,0.0,0.0014221150856470188,pivot_h,30,False
0.003691318761771105,0.0015348618773148974,1,16,congestion_resource,0.002551864905305993,0.07391879368356707,1.0,0.0019467281119290303,pivot_h,30,False
0.0036395214858759082,0.0018857105300926526,1,16,performative_control,0.002708263839356141,0.007326086803491879,1.0,0.0019285988684110272,pivot_h,30,False
0.0023063324187177535,0.0005418672080778835,1,4,congestion_resource,0.001353064295286303,0.06858825944306196,1.0,0.0,pivot_h,30,False
0.0024697938100584904,0.0008523651131144542,1,4,performative_control,0.0015341502578876491,0.00821276122497153,1.0,0.0009025590300793251,pivot_h,30,False
0.002870606125339547,0.0008077701173455997,1,8,congestion_resource,0.001774313324547642,0.07219590294388371,1.0,0.0,pivot_h,30,False
0.0028762039138960607,0.0016048885946304485,1,8,performative_control,0.002196316642854903,0.007689230240414793,1.0,0.0014221150856470188,pivot_h,30,False
0.0,0.0,16,16,congestion_resource,0.0,0.07647065858887306,16.0,0.0,pivot_h,30,False
0.0,0.0,16,16,performative_control,0.0,0.010034350642848019,16.0,0.0,pivot_h,30,False
0.0,0.0,16,4,congestion_resource,0.0,0.06994132373834828,4.0,0.0,pivot_h,30,False
0.0,0.0,16,4,performative_control,0.0,0.009746911482859177,4.0,0.0,pivot_h,30,False
0.0,0.0,16,8,congestion_resource,0.0,0.07397021626843132,8.0,0.0,pivot_h,30,False
0.0,0.0,16,8,performative_control,0.0,0.009885546883269695,8.0,0.0,pivot_h,30,False
0.002942312086829362,0.0011873308538323424,2,16,congestion_resource,0.0020383847296463215,0.07443227385922675,2.0,0.0011110026748542001,pivot_h,30,False
0.0036056628298520616,0.0018904404316319875,2,16,performative_control,0.0027045206941587806,0.007329829948689239,2.0,0.002008871281501637,pivot_h,30,False
0.0022677518072868642,0.0005124978289206567,2,4,congestion_resource,0.0013079189648557996,0.06863340477349246,2.0,0.0,pivot_h,30,False
0.0012165991665520819,0.0004952252796410811,2,4,performative_control,0.0008323263770858338,0.008914585105773342,2.0,0.0005247272850338325,pivot_h,30,False
0.0029835870863407017,0.0008192493617275436,2,8,congestion_resource,0.0018194643828825816,0.07215075188554877,2.0,0.0,pivot_h,30,False
0.002288147073948809,0.0013412209649574173,2,8,performative_control,0.001776833346974662,0.008108713536295034,2.0,0.0013049796888308512,pivot_h,30,False
0.003813253712583484,0.0017190280373206193,4,16,congestion_resource,0.0027129118071109737,0.07375774678176208,4.0,0.002468759495659889,pivot_h,30,False
0.003419941565359433,0.0018068500173777438,4,16,performative_control,0.0025464283366351823,0.007487922306212837,4.0,0.0019285988684110272,pivot_h,30,False
0.0,0.0,4,4,congestion_resource,0.0,0.06994132373834828,4.0,0.0,pivot_h,30,False
0.0,0.0,4,4,performative_control,0.0,0.009746911482859177,4.0,0.0,pivot_h,30,False
0.0037432687087307318,0.0012602960224842562,4,8,congestion_resource,0.0024022692927452034,0.07156794697568612,4.0,0.00029889803318589037,pivot_h,30,False
0.001754704929261533,0.0009613099718521489,4,8,performative_control,0.0013368109211926418,0.008548735962077055,4.0,0.0011686069551330586,pivot_h,30,False
0.0028361252214519467,0.0009547503583527851,8,16,congestion_resource,0.001828921824247387,0.07464173676462568,8.0,4.877423581983731e-05,pivot_h,30,False
0.0028010732180225486,0.0014733453948684479,8,16,performative_control,0.0020872373537119495,0.00794711328913607,8.0,0.0015430521488428856,pivot_h,30,False
0.0,0.0,8,4,congestion_resource,0.0,0.06994132373834828,4.0,0.0,pivot_h,30,False
0.0,0.0,8,4,performative_control,0.0,0.009746911482859177,4.0,0.0,pivot_h,30,False
0.0,0.0,8,8,congestion_resource,0.0,0.07397021626843132,8.0,0.0,pivot_h,30,False
0.0,0.0,8,8,performative_control,0.0,0.009885546883269695,8.0,0.0,pivot_h,30,False
0.003322675739013951,0.00114628974762125,0,16,congestion_resource,0.0021831214639755608,0.07428753712489751,0.0,0.0,pivot_voi,30,False
0.004310996667004405,0.0023625982343920037,0,16,performative_control,0.003293578114843368,0.006740772528004651,0.0,0.002266406111946978,pivot_voi,30,False
0.002475638199808991,0.0005685066879394333,0,4,congestion_resource,0.001440058730806685,0.06850126500754158,0.0,0.0,pivot_voi,30,False
0.0030122699623244226,0.001214938366948883,0,4,performative_control,0.002032956276147861,0.007713955206711318,0.0,0.0010830520166123375,pivot_voi,30,False
0.0028620100898785576,0.0008228293303863972,0,8,congestion_resource,0.001774313324547642,0.07219590294388371,0.0,0.0,pivot_voi,30,False
0.0028722771697985818,0.0015809054996295013,0,8,performative_control,0.0021860941000863814,0.007699452783183315,0.0,0.0014221150856470188,pivot_voi,30,False
0.003185497744295334,0.0012006324318478208,1,16,congestion_resource,0.002148346067839228,0.07432231252103384,1.0,0.0,pivot_voi,30,False
0.004178542231067343,0.0021776590229222147,1,16,performative_control,0.0031502079274309046,0.006884142715417115,1.0,0.00210454833257355,pivot_voi,30,False
0.0021124564154661237,0.0002808771723702197,1,4,congestion_resource,0.0011127500067289206,0.06882857373161935,1.0,0.0,pivot_voi,30,False
0.0015983362553854002,0.0006195906293330896,1,4,performative_control,0.0010503073894651263,0.008696604093394051,1.0,0.0007514886646557556,pivot_voi,30,False
0.0036559485626222344,0.0010150701737236109,1,8,congestion_resource,0.0022423166811892602,0.07172789958724209,1.0,0.0,pivot_voi,30,False
0.002735408841942633,0.0014432560902082586,1,8,performative_control,0.002045791242341381,0.007839755640928316,1.0,0.0014221150856470188,pivot_voi,30,False
0.0,0.0,16,16,congestion_resource,0.0,0.07647065858887306,16.0,0.0,pivot_voi,30,False
0.0,0.0,16,16,performative_control,0.0,0.010034350642848019,16.0,0.0,pivot_voi,30,False
0.0,0.0,16,4,congestion_resource,0.0,0.06994132373834828,4.0,0.0,pivot_voi,30,False
0.0,0.0,16,4,performative_control,0.0,0.009746911482859177,4.0,0.0,pivot_voi,30,False
0.0,0.0,16,8,congestion_resource,0.0,0.07397021626843132,8.0,0.0,pivot_voi,30,False
0.0,0.0,16,8,performative_control,0.0,0.009885546883269695,8.0,0.0,pivot_voi,30,False
0.003494279896291988,0.001426193542066008,2,16,congestion_resource,0.0024192689198176817,0.07405138966905539,2.0,0.00021814962919319836,pivot_voi,30,False
0.004163121672615941,0.002174853175754952,2,16,performative_control,0.0031243015232565916,0.006910049119591428,2.0,0.00210454833257355,pivot_voi,30,False
0.0028988074117064604,0.000717089270507153,2,4,congestion_resource,0.0017162578228653302,0.06822506591548293,2.0,0.0,pivot_voi,30,False
0.001477808233500551,0.0004931125562512605,2,4,performative_control,0.0009281936464744742,0.008818717836384705,2.0,0.0004873169204675787,pivot_voi,30,False
0.0034160942253027094,0.001018407565995382,2,8,congestion_resource,0.0021140910606156195,0.07185612520781573,2.0,0.0,pivot_voi,30,False
0.0025438849982479294,0.0012317445272177205,2,8,performative_control,0.0018442015642084095,0.008041345319061286,2.0,0.0012900376602179714,pivot_voi,30,False
0.0035871752896411615,0.0016695737831438299,4,16,congestion_resource,0.0026067609622052014,0.07386389762666785,4.0,0.002572524300819501,pivot_voi,30,False
0.004156316393322538,0.0021438550659906718,4,16,performative_control,0.0030898700898875217,0.006944480552960498,4.0,0.0019285988684110272,pivot_voi,30,False
0.0,0.0,4,4,congestion_resource,0.0,0.06994132373834828,4.0,0.0,pivot_voi,30,False
0.0,0.0,4,4,performative_control,0.0,0.009746911482859177,4.0,0.0,pivot_voi,30,False
0.002780942340459723,0.0009290568271100545,4,8,congestion_resource,0.0018050903772780958,0.07216512589115326,4.0,0.0,pivot_voi,30,False
0.0030375869412335326,0.0010912208800431512,4,8,performative_control,0.0019759103763017103,0.007909636506967986,4.0,0.0009607196042435429,pivot_voi,30,False
0.0034054162884641164,0.0015231558338996696,8,16,congestion_resource,0.0024212122394971464,0.07404944634937591,8.0,0.002468759495659889,pivot_voi,30,False
0.004929102225553376,0.0021254113553399036,8,16,performative_control,0.0034509552753067747,0.0065833953675412445,8.0,0.0017279595283980764,pivot_voi,30,False
0.0,0.0,8,4,congestion_resource,0.0,0.06994132373834828,4.0,0.0,pivot_voi,30,False
0.0,0.0,8,4,performative_control,0.0,0.009746911482859177,4.0,0.0,pivot_voi,30,False
0.0,0.0,8,8,congestion_resource,0.0,0.07397021626843132,8.0,0.0,pivot_voi,30,False
0.0,0.0,8,8,performative_control,0.0,0.009885546883269695,8.0,0.0,pivot_voi,30,False
1.808503341074186e-05,0.0,0,16,congestion_resource,6.0283444702472855e-06,0.07646463024440281,0.0,0.0,proxy_only,30,False
0.009812754804480784,0.006746467538512454,0,16,performative_control,0.008253539844473768,0.0017808107983742522,0.0,0.007453066428457236,proxy_only,30,False
0.0,0.0,0,4,congestion_resource,0.0,0.06994132373834828,0.0,0.0,proxy_only,30,False
0.0036389080306623222,0.001729797562292091,0,4,performative_control,0.002628389292718187,0.007118522190140991,0.0,0.0017636999583307972,proxy_only,30,False
1.8169995077073805e-05,0.0,0,8,congestion_resource,6.070825303413259e-06,0.07396414544312792,0.0,0.0,proxy_only,30,False
0.006659615852328744,0.00397748789253696,0,8,performative_control,0.005259874711284806,0.004625672171984891,0.0,0.004051870510283551,proxy_only,30,False
1.808503341074186e-05,0.0,1,16,congestion_resource,6.0283444702472855e-06,0.07646463024440281,0.0,0.0,proxy_only,30,False
0.009841847383522425,0.006752424638161046,1,16,performative_control,0.008253539844473768,0.0017808107983742522,0.0,0.007453066428457236,proxy_only,30,False
0.0,0.0,1,4,congestion_resource,0.0,0.06994132373834828,0.0,0.0,proxy_only,30,False
0.003656579731798737,0.001734390422414776,1,4,performative_control,0.002628389292718187,0.007118522190140991,0.0,0.0017636999583307972,proxy_only,30,False
1.8169995077073805e-05,0.0,1,8,congestion_resource,6.070825303413259e-06,0.07396414544312792,0.0,0.0,proxy_only,30,False
0.006631322546747019,0.0040129428540255484,1,8,performative_control,0.005259874711284806,0.004625672171984891,0.0,0.004051870510283551,proxy_only,30,False
1.808503341074186e-05,0.0,16,16,congestion_resource,6.0283444702472855e-06,0.07646463024440281,0.0,0.0,proxy_only,30,False
0.009835822372925304,0.006752568991646369,16,16,performative_control,0.008253539844473768,0.0017808107983742522,0.0,0.007453066428457236,proxy_only,30,False
0.0,0.0,16,4,congestion_resource,0.0,0.06994132373834828,0.0,0.0,proxy_only,30,False
0.0036528791613937785,0.0017226739478916982,16,4,performative_control,0.002628389292718187,0.007118522190140991,0.0,0.0017636999583307972,proxy_only,30,False
1.8169995077073805e-05,0.0,16,8,congestion_resource,6.070825303413259e-06,0.07396414544312792,0.0,0.0,proxy_only,30,False
0.0066537780043290345,0.004015874924390177,16,8,performative_control,0.005259874711284806,0.004625672171984891,0.0,0.004051870510283551,proxy_only,30,False
1.808503341074186e-05,0.0,2,16,congestion_resource,6.0283444702472855e-06,0.07646463024440281,0.0,0.0,proxy_only,30,False
0.009850869445978306,0.0067448761512879495,2,16,performative_control,0.008253539844473768,0.0017808107983742522,0.0,0.007453066428457236,proxy_only,30,False
0.0,0.0,2,4,congestion_resource,0.0,0.06994132373834828,0.0,0.0,proxy_only,30,False
0.0036879375304336224,0.0017269788965734994,2,4,performative_control,0.002628389292718187,0.007118522190140991,0.0,0.0017636999583307972,proxy_only,30,False
1.8169995077073805e-05,0.0,2,8,congestion_resource,6.070825303413259e-06,0.07396414544312792,0.0,0.0,proxy_only,30,False
0.006637942211736208,0.003992445133355568,2,8,performative_control,0.005259874711284806,0.004625672171984891,0.0,0.004051870510283551,proxy_only,30,False
1.808503341074186e-05,0.0,4,16,congestion_resource,6.0283444702472855e-06,0.07646463024440281,0.0,0.0,proxy_only,30,False
0.009844329439856232,0.006759120822661775,4,16,performative_control,0.008253539844473768,0.0017808107983742522,0.0,0.007453066428457236,proxy_only,30,False
0.0,0.0,4,4,congestion_resource,0.0,0.06994132373834828,0.0,0.0,proxy_only,30,False
0.003666062678464844,0.0017253457351519119,4,4,performative_control,0.002628389292718187,0.007118522190140991,0.0,0.0017636999583307972,proxy_only,30,False
1.8169995077073805e-05,0.0,4,8,congestion_resource,6.070825303413259e-06,0.07396414544312792,0.0,0.0,proxy_only,30,False
0.006650021549424712,0.004008268098027228,4,8,performative_control,0.005259874711284806,0.004625672171984891,0.0,0.004051870510283551,proxy_only,30,False
1.808503341074186e-05,0.0,8,16,congestion_resource,6.0283444702472855e-06,0.07646463024440281,0.0,0.0,proxy_only,30,False
0.009889810758637225,0.006750289774410695,8,16,performative_control,0.008253539844473768,0.0017808107983742522,0.0,0.007453066428457236,proxy_only,30,False
0.0,0.0,8,4,congestion_resource,0.0,0.06994132373834828,0.0,0.0,proxy_only,30,False
0.0036687022007334943,0.001734736535415524,8,4,performative_control,0.002628389292718187,0.007118522190140991,0.0,0.0017636999583307972,proxy_only,30,False
1.8169995077073805e-05,0.0,8,8,congestion_resource,6.070825303413259e-06,0.07396414544312792,0.0,0.0,proxy_only,30,False
0.006630017175580541,0.003991943264380887,8,8,performative_control,0.005259874711284806,0.004625672171984891,0.0,0.004051870510283551,proxy_only,30,False
1.808503341074186e-05,0.0,0,16,congestion_resource,6.0283444702472855e-06,0.07646463024440281,0.0,0.0,random_hf,30,False
0.009857624463900795,0.00672354864022099,0,16,performative_control,0.008253539844473768,0.0017808107983742522,0.0,0.007453066428457236,random_hf,30,False
0.0,0.0,0,4,congestion_resource,0.0,0.06994132373834828,0.0,0.0,random_hf,30,False
0.003653027020034013,0.0017145440141290735,0,4,performative_control,0.002628389292718187,0.007118522190140991,0.0,0.0017636999583307972,random_hf,30,False
1.8169995077073805e-05,0.0,0,8,congestion_resource,6.070825303413259e-06,0.07396414544312792,0.0,0.0,random_hf,30,False
0.006633553694746287,0.004028977864935865,0,8,performative_control,0.005259874711284806,0.004625672171984891,0.0,0.004051870510283551,random_hf,30,False
1.808503341074186e-05,0.0,1,16,congestion_resource,6.0283444702472855e-06,0.07646463024440281,1.0,0.0,random_hf,30,False
0.009172398024794482,0.006036353814091023,1,16,performative_control,0.0075341375842541865,0.0025002130585938327,1.0,0.006657352963642615,random_hf,30,False
0.0004861432870288544,0.0,1,4,congestion_resource,0.00018992432649693746,0.06975139941185132,1.0,0.0,random_hf,30,False
0.0034103722916590798,0.0014823083917513602,1,4,performative_control,0.0023813535077547893,0.00736555797510439,1.0,0.001323143659979889,random_hf,30,False
1.8169995077073805e-05,0.0,1,8,congestion_resource,6.070825303413259e-06,0.07396414544312792,1.0,0.0,random_hf,30,False
0.006328694859090129,0.003488466283461313,1,8,performative_control,0.0048351309825462934,0.005050415900723402,1.0,0.0031116483390735417,random_hf,30,False
0.0,0.0,16,16,congestion_resource,0.0,0.07647065858887306,16.0,0.0,random_hf,30,False
0.0,0.0,16,16,performative_control,0.0,0.010034350642848019,16.0,0.0,random_hf,30,False
0.0,0.0,16,4,congestion_resource,0.0,0.06994132373834828,4.0,0.0,random_hf,30,False
0.0,0.0,16,4,performative_control,0.0,0.009746911482859177,4.0,0.0,random_hf,30,False
0.0,0.0,16,8,congestion_resource,0.0,0.07397021626843132,8.0,0.0,random_hf,30,False
0.0,0.0,16,8,performative_control,0.0,0.009885546883269695,8.0,0.0,random_hf,30,False
0.00031853979767964744,0.0,2,16,congestion_resource,0.00010818938071663156,0.07636246920815644,2.0,0.0,random_hf,30,False
0.008505402316850812,0.005543353387936108,2,16,performative_control,0.006937366872436031,0.0030969837704119883,2.0,0.005887119284433695,random_hf,30,False
0.00041691001244318346,0.0,2,4,congestion_resource,0.00016664015999061274,0.06977468357835767,2.0,0.0,random_hf,30,False
0.002524779111110358,0.0007451059202118612,2,4,performative_control,0.0015322198986812826,0.008214691584177895,2.0,0.0006567017181097617,random_hf,30,False
0.0007124147143687544,0.0,2,8,congestion_resource,0.0003298415152459766,0.07364037475318537,2.0,0.0,random_hf,30,False
0.005776021621522643,0.0029578563705078475,2,8,performative_control,0.004300854106232936,0.005584692777036759,2.0,0.002510251868990107,random_hf,30,False
0.0002582890378007371,0.0,4,16,congestion_resource,8.810579409032812e-05,0.07638255279478273,4.0,0.0,random_hf,30,False
0.00783262478739233,0.004642033129924489,4,16,performative_control,0.0061798016302379855,0.003854549012610034,4.0,0.005430230591256954,random_hf,30,False
0.0,0.0,4,4,congestion_resource,0.0,0.06994132373834828,4.0,0.0,random_hf,30,False
0.0,0.0,4,4,performative_control,0.0,0.009746911482859177,4.0,0.0,random_hf,30,False
0.0010462022728768801,0.00012809948532402916,4,8,congestion_resource,0.0005642356346049852,0.07340598063382636,4.0,0.0,random_hf,30,False
0.004393602569407572,0.0019306049053375123,4,8,performative_control,0.003037735092032886,0.00684781179123681,4.0,0.0022695439462375733,random_hf,30,False
0.0006062242344231806,3.251615721322487e-06,8,16,congestion_resource,0.0002436929296137665,0.07622696565925931,8.0,0.0,random_hf,30,False
0.006429404155608854,0.0036101302104761795,8,16,performative_control,0.004916700627012409,0.00511765001583561,8.0,0.0030460290205823054,random_hf,30,False
0.0,0.0,8,4,congestion_resource,0.0,0.06994132373834828,4.0,0.0,random_hf,30,False
0.0,0.0,8,4,performative_control,0.0,0.009746911482859177,4.0,0.0,random_hf,30,False
0.0,0.0,8,8,congestion_resource,0.0,0.07397021626843132,8.0,0.0,random_hf,30,False
0.0,0.0,8,8,performative_control,0.0,0.009885546883269695,8.0,0.0,random_hf,30,False
1.808503341074186e-05,0.0,0,16,congestion_resource,6.0283444702472855e-06,0.07646463024440281,0.0,0.0,top_proxy_hf,30,False
0.009837683141118216,0.0067519752367792485,0,16,performative_control,0.008253539844473768,0.0017808107983742522,0.0,0.007453066428457236,top_proxy_hf,30,False
0.0,0.0,0,4,congestion_resource,0.0,0.06994132373834828,0.0,0.0,top_proxy_hf,30,False
0.00366893522458992,0.0017165765104933887,0,4,performative_control,0.002628389292718187,0.007118522190140991,0.0,0.0017636999583307972,top_proxy_hf,30,False
1.8169995077073805e-05,0.0,0,8,congestion_resource,6.070825303413259e-06,0.07396414544312792,0.0,0.0,top_proxy_hf,30,False
0.006633428069450105,0.004015683849607624,0,8,performative_control,0.005259874711284806,0.004625672171984891,0.0,0.004051870510283551,top_proxy_hf,30,False
1.808503341074186e-05,0.0,1,16,congestion_resource,6.0283444702472855e-06,0.07646463024440281,1.0,0.0,top_proxy_hf,30,False
0.005048905457218409,0.0034501340364849267,1,16,performative_control,0.004220711916078526,0.005813638726769493,1.0,0.003706999330566993,top_proxy_hf,30,False
0.0,0.0,1,4,congestion_resource,0.0,0.06994132373834828,1.0,0.0,top_proxy_hf,30,False
0.0009326901643307872,0.00024421363079173825,1,4,performative_control,0.00054721447172002,0.009199697011139159,1.0,6.3363101870383964e-06,top_proxy_hf,30,False
1.8169995077073805e-05,0.0,1,8,congestion_resource,6.070825303413259e-06,0.07396414544312792,1.0,0.0,top_proxy_hf,30,False
0.002646006762756081,0.0013667424136592163,1,8,performative_control,0.001955140447060533,0.007930406436209163,1.0,0.0012865298963445487,top_proxy_hf,30,False
0.0,0.0,16,16,congestion_resource,0.0,0.07647065858887306,16.0,0.0,top_proxy_hf,30,False
0.0,0.0,16,16,performative_control,0.0,0.010034350642848019,16.0,0.0,top_proxy_hf,30,False
0.0,0.0,16,4,congestion_resource,0.0,0.06994132373834828,4.0,0.0,top_proxy_hf,30,False
0.0,0.0,16,4,performative_control,0.0,0.009746911482859177,4.0,0.0,top_proxy_hf,30,False
0.0,0.0,16,8,congestion_resource,0.0,0.07397021626843132,8.0,0.0,top_proxy_hf,30,False
0.0,0.0,16,8,performative_control,0.0,0.009885546883269695,8.0,0.0,top_proxy_hf,30,False
0.0,0.0,2,16,congestion_resource,0.0,0.07647065858887306,2.0,0.0,top_proxy_hf,30,False
0.0030347672450403355,0.0019069919370017095,2,16,performative_control,0.002434402080886545,0.007599948561961474,2.0,0.002049339907116657,top_proxy_hf,30,False
0.0,0.0,2,4,congestion_resource,0.0,0.06994132373834828,2.0,0.0,top_proxy_hf,30,False
0.0011371540982544606,0.00036167465161457125,2,4,performative_control,0.0006971600777992683,0.00904975140505991,2.0,0.0003221185474390348,top_proxy_hf,30,False
0.0,0.0,2,8,congestion_resource,0.0,0.07397021626843132,2.0,0.0,top_proxy_hf,30,False
0.001116782487046296,0.000488928682458492,2,8,performative_control,0.0007642870181413705,0.009121259865128324,2.0,0.0005680863730030961,top_proxy_hf,30,False
0.0,0.0,4,16,congestion_resource,0.0,0.07647065858887306,4.0,0.0,top_proxy_hf,30,False
0.0015075575067541006,0.0008820258701376188,4,16,performative_control,0.0011770270484496794,0.00885732359439834,4.0,0.0010403956675718723,top_proxy_hf,30,False
0.0,0.0,4,4,congestion_resource,0.0,0.06994132373834828,4.0,0.0,top_proxy_hf,30,False
0.0,0.0,4,4,performative_control,0.0,0.009746911482859177,4.0,0.0,top_proxy_hf,30,False
0.0,0.0,4,8,congestion_resource,0.0,0.07397021626843132,4.0,0.0,top_proxy_hf,30,False
0.0006395653688686424,0.00026795375097236744,4,8,performative_control,0.0004449937771220658,0.009440553106147631,4.0,0.00016984813374791574,top_proxy_hf,30,False
0.0,0.0,8,16,congestion_resource,0.0,0.07647065858887306,8.0,0.0,top_proxy_hf,30,False
0.0006420535826681919,0.0002641946200579628,8,16,performative_control,0.00042791077195430315,0.009606439870893716,8.0,0.0002840589848034786,top_proxy_hf,30,False
0.0,0.0,8,4,congestion_resource,0.0,0.06994132373834828,4.0,0.0,top_proxy_hf,30,False
0.0,0.0,8,4,performative_control,0.0,0.009746911482859177,4.0,0.0,top_proxy_hf,30,False
0.0,0.0,8,8,congestion_resource,0.0,0.07397021626843132,8.0,0.0,top_proxy_hf,30,False
0.0,0.0,8,8,performative_control,0.0,0.009885546883269695,8.0,0.0,top_proxy_hf,30,False
0.0032925368294729174,0.0011345704181158387,0,16,congestion_resource,0.0021831214639755608,0.07428753712489751,0.0,0.0,uncertainty_hf,30,False
0.004299393294762449,0.0023863332569895495,0,16,performative_control,0.003293578114843368,0.006740772528004651,0.0,0.002266406111946978,uncertainty_hf,30,False
0.002499341271779558,0.0005499196476820001,0,4,congestion_resource,0.001440058730806685,0.06850126500754158,0.0,0.0,uncertainty_hf,30,False
0.0030469585205956276,0.001225907079544718,0,4,performative_control,0.002032956276147861,0.007713955206711318,0.0,0.0010830520166123375,uncertainty_hf,30,False
0.0028772262680523204,0.0008029706138636764,0,8,congestion_resource,0.001774313324547642,0.07219590294388371,0.0,0.0,uncertainty_hf,30,False
0.002874431752326596,0.0015874828784244973,0,8,performative_control,0.0021860941000863814,0.007699452783183315,0.0,0.0014221150856470188,uncertainty_hf,30,False
0.003598369332526188,0.001513332981373533,1,16,congestion_resource,0.0025243367722455946,0.07394632181662746,1.0,0.0019467281119290303,uncertainty_hf,30,False
0.0036425544012073465,0.0018961028252005743,1,16,performative_control,0.002708263839356141,0.007326086803491879,1.0,0.0019285988684110272,uncertainty_hf,30,False
0.0023413136533353618,0.0005795858835241024,1,4,congestion_resource,0.0013835159033111907,0.06855780783503708,1.0,0.0,uncertainty_hf,30,False
0.002461099409802391,0.0008354771795140728,1,4,performative_control,0.001496322624533114,0.008250588858326064,1.0,0.0008272135004002978,uncertainty_hf,30,False
0.0029021242140653777,0.0008148538860063945,1,8,congestion_resource,0.0017837766465921205,0.07218643962183924,1.0,0.0,uncertainty_hf,30,False
0.002743204668689484,0.0013193109417599905,1,8,performative_control,0.00192237036281592,0.007963176520453776,1.0,0.0012821743535245955,uncertainty_hf,30,False
0.0,0.0,16,16,congestion_resource,0.0,0.07647065858887306,16.0,0.0,uncertainty_hf,30,False
0.0,0.0,16,16,performative_control,0.0,0.010034350642848019,16.0,0.0,uncertainty_hf,30,False
0.0,0.0,16,4,congestion_resource,0.0,0.06994132373834828,4.0,0.0,uncertainty_hf,30,False
0.0,0.0,16,4,performative_control,0.0,0.009746911482859177,4.0,0.0,uncertainty_hf,30,False
0.0,0.0,16,8,congestion_resource,0.0,0.07397021626843132,8.0,0.0,uncertainty_hf,30,False
0.0,0.0,16,8,performative_control,0.0,0.009885546883269695,8.0,0.0,uncertainty_hf,30,False
0.00295911102657162,0.0012159862626716293,2,16,congestion_resource,0.0020383847296463215,0.07443227385922675,2.0,0.0011110026748542001,uncertainty_hf,30,False
0.003642130522689889,0.0018986653460282298,2,16,performative_control,0.0027045206941587806,0.007329829948689239,2.0,0.002008871281501637,uncertainty_hf,30,False
0.0021163418425837115,0.0005089141757165374,2,4,congestion_resource,0.001227515948563899,0.06871380778978436,2.0,0.0,uncertainty_hf,30,False
0.00125108214677247,0.000492905529392599,2,4,performative_control,0.0008428404966984252,0.008904070986160754,2.0,0.0004873169204675787,uncertainty_hf,30,False
0.002597298855053088,0.0007989015282840123,2,8,congestion_resource,0.0016381880809588209,0.07233202818747252,2.0,0.0,uncertainty_hf,30,False
0.0016734195004375633,0.0011061640551322824,2,8,performative_control,0.0013766806489475564,0.00850886623432214,2.0,0.0011874225266863686,uncertainty_hf,30,False
0.003826735226761184,0.001676157946130179,4,16,congestion_resource,0.0027129118071109737,0.07375774678176208,4.0,0.002468759495659889,uncertainty_hf,30,False
0.004273018347949516,0.0018550534077590324,4,16,performative_control,0.002938194697684827,0.007096155945163192,4.0,0.0019285988684110272,uncertainty_hf,30,False
0.0,0.0,4,4,congestion_resource,0.0,0.06994132373834828,4.0,0.0,uncertainty_hf,30,False
0.0,0.0,4,4,performative_control,0.0,0.009746911482859177,4.0,0.0,uncertainty_hf,30,False
0.002935525938885206,0.0008896147138248848,4,8,congestion_resource,0.0018467989179745126,0.07212341735045683,4.0,0.0,uncertainty_hf,30,False
0.0013501200727454945,0.0008486107148037034,4,8,performative_control,0.001096738117244033,0.008788808766025663,4.0,0.0010548985911782577,uncertainty_hf,30,False
0.001830616572947404,0.0004778304229640829,8,16,congestion_resource,0.001108913972476544,0.07536174461639651,8.0,0.0,uncertainty_hf,30,False
0.002001788440751174,0.0011629218529271598,8,16,performative_control,0.0015593193595822767,0.008475031283265743,8.0,0.00143323364075508,uncertainty_hf,30,False
0.0,0.0,8,4,congestion_resource,0.0,0.06994132373834828,4.0,0.0,uncertainty_hf,30,False
0.0,0.0,8,4,performative_control,0.0,0.009746911482859177,4.0,0.0,uncertainty_hf,30,False
0.0,0.0,8,8,congestion_resource,0.0,0.07397021626843132,8.0,0.0,uncertainty_hf,30,False
0.0,0.0,8,8,performative_control,0.0,0.009885546883269695,8.0,0.0,uncertainty_hf,30,False
