IRR,ISC,ISR,chi_square_shift,environment_id,global_global_transition_ide,global_n,global_policy_mae,global_policy_pearson,global_policy_rmse,global_policy_spearman,if_ci_high,if_ci_low,improvement_fidelity,independent_seed_n,operator_family,operator_shift,response_strength,transition_n
0.0,1.0,,0.0,congestion_resource,0.0006362534074390004,240,0.0032069091897929,0.9826702227958182,0.005466573904537095,0.9318911786662961,0.0008973948496213577,0.0003888468817538595,0.0006362534074390004,30,evolutionary_population,0.0,0.3,240
0.0,1.0,,0.01005016708416806,congestion_resource,0.0006362534074390004,240,0.0032069091897929,0.9826702227958182,0.005466573904537095,0.9318911786662961,0.0010080943159103573,0.0004383355209562876,0.0007235593010836529,30,evolutionary_population,0.1,0.3,240
0.0,1.0,,0.04081077419238824,congestion_resource,0.0006362534074390004,240,0.0032069091897929,0.9826702227958182,0.005466573904537095,0.9318911786662961,0.0011314374542074144,0.0005072147970769874,0.0008135003955355389,30,evolutionary_population,0.2,0.3,240
0.0,1.0,,0.13031912007401103,congestion_resource,0.0006362534074390004,240,0.0032069091897929,0.9826702227958182,0.005466573904537095,0.9318911786662961,0.0013130701009369423,0.0005906749653882762,0.000950080451718485,30,evolutionary_population,0.35,0.3,240
0.0,1.0,,0.2840254166877415,congestion_resource,0.0006362534074390004,240,0.0032069091897929,0.9826702227958182,0.005466573904537095,0.9318911786662961,0.0014964036543879723,0.0006779524027370295,0.0010884733394312708,30,evolutionary_population,0.5,0.3,240
0.0,1.0,,0.6323162199553789,congestion_resource,0.0006362534074390004,240,0.0032069091897929,0.9826702227958182,0.005466573904537095,0.9318911786662961,0.0017392017330325428,0.000806236218000689,0.0012713458968951585,30,evolutionary_population,0.7,0.3,240
0.0,1.0,,1.718281828459045,congestion_resource,0.0006362534074390004,240,0.0032069091897929,0.9826702227958182,0.005466573904537095,0.9318911786662961,0.0020908276145714744,0.0009993412404458747,0.0015393772201919803,30,evolutionary_population,1.0,0.3,240
0.0,1.0,,8.487735836358526,congestion_resource,0.0006362534074390004,240,0.0032069091897929,0.9826702227958182,0.005466573904537095,0.9318911786662961,0.0026788661708760787,0.001323352400458221,0.001990847661425894,30,evolutionary_population,1.5,0.3,240
0.0,1.0,,53.598150033144236,congestion_resource,0.0006362534074390004,240,0.0032069091897929,0.9826702227958182,0.005466573904537095,0.9318911786662961,0.0032482719227026223,0.0016380349769169128,0.0024469695846929254,30,evolutionary_population,2.0,0.3,240
0.0,1.0,,8102.083927575384,congestion_resource,0.0006362534074390004,240,0.0032069091897929,0.9826702227958182,0.005466573904537095,0.9318911786662961,0.004378769952558986,0.0023277312254369885,0.0033553931688260845,30,evolutionary_population,3.0,0.3,240
0.0,1.0,,0.0,congestion_resource,0.0006362534074390004,240,0.0032069091897929,0.9826702227958182,0.005466573904537095,0.9318911786662961,0.001299120357906286,0.0005841693675346109,0.0009391848782220019,30,gradient_informed,0.0,0.3,240
0.0,1.0,,0.01005016708416806,congestion_resource,0.0006362534074390004,240,0.0032069091897929,0.9826702227958182,0.005466573904537095,0.9318911786662961,0.0014795734123509347,0.0006829000410230575,0.0010733003270056028,30,gradient_informed,0.1,0.3,240
0.0,1.0,,0.04081077419238824,congestion_resource,0.0006362534074390004,240,0.0032069091897929,0.9826702227958182,0.005466573904537095,0.9318911786662961,0.0016566821664567787,0.0007701868371702044,0.0012102801149645815,30,gradient_informed,0.2,0.3,240
0.0,1.0,,0.13031912007401103,congestion_resource,0.0006362534074390004,240,0.0032069091897929,0.9826702227958182,0.005466573904537095,0.9318911786662961,0.0019281733778800992,0.0009009147970280071,0.0014203234513047369,30,gradient_informed,0.35,0.3,240
0.0,1.0,,0.2840254166877415,congestion_resource,0.0006362534074390004,240,0.0032069091897929,0.9826702227958182,0.005466573904537095,0.9318911786662961,0.0022072692832269957,0.0010642231117586325,0.001632083225336836,30,gradient_informed,0.5,0.3,240
0.0,1.0,,0.6323162199553789,congestion_resource,0.0006362534074390004,240,0.0032069091897929,0.9826702227958182,0.005466573904537095,0.9318911786662961,0.002585158445766637,0.001255410061767794,0.0019218211933432871,30,gradient_informed,0.7,0.3,240
0.0,1.0,,1.718281828459045,congestion_resource,0.0006362534074390004,240,0.0032069091897929,0.9826702227958182,0.005466573904537095,0.9318911786662961,0.0031776791779308277,0.0016129351849321102,0.0023830379265121254,30,gradient_informed,1.0,0.3,240
0.0,1.0,,8.487735836358526,congestion_resource,0.0006362534074390004,240,0.0032069091897929,0.9826702227958182,0.005466573904537095,0.9318911786662961,0.004177187807290398,0.002213643026719798,0.003199601633069542,30,gradient_informed,1.5,0.3,240
0.0,1.0,,53.598150033144236,congestion_resource,0.0006362534074390004,240,0.0032069091897929,0.9826702227958182,0.005466573904537095,0.9318911786662961,0.005205832282035196,0.00282354651299829,0.004031141890708394,30,gradient_informed,2.0,0.3,240
0.0,1.0,,8102.083927575384,congestion_resource,0.0006362534074390004,240,0.0032069091897929,0.9826702227958182,0.005466573904537095,0.9318911786662961,0.007535517575791727,0.004180196837871588,0.005893219318229603,30,gradient_informed,3.0,0.3,240
0.0,1.0,,0.0,congestion_resource,0.0006362534074390004,240,0.0032069091897929,0.9826702227958182,0.005466573904537095,0.9318911786662961,0.001389823420742093,0.0005819778890097387,0.0009754912290700286,30,local_random,0.0,0.3,240
0.0,1.0,,0.01005016708416806,congestion_resource,0.0006362534074390004,240,0.0032069091897929,0.9826702227958182,0.005466573904537095,0.9318911786662961,0.0015584794800269325,0.0006758880053674729,0.0011022646457285773,30,local_random,0.1,0.3,240
0.0,1.0,,0.04081077419238824,congestion_resource,0.0006362534074390004,240,0.0032069091897929,0.9826702227958182,0.005466573904537095,0.9318911786662961,0.001747868289617525,0.0007533848180548084,0.0012292888616386123,30,local_random,0.2,0.3,240
0.0,1.0,,0.13031912007401103,congestion_resource,0.0006362534074390004,240,0.0032069091897929,0.9826702227958182,0.005466573904537095,0.9318911786662961,0.00202509963022656,0.0008690092874908764,0.0014272678412044714,30,local_random,0.35,0.3,240
0.0,1.0,,0.2840254166877415,congestion_resource,0.0006362534074390004,240,0.0032069091897929,0.9826702227958182,0.005466573904537095,0.9318911786662961,0.002288996786065479,0.000986628089913861,0.0016197240236813396,30,local_random,0.5,0.3,240
0.0,1.0,,0.6323162199553789,congestion_resource,0.0006362534074390004,240,0.0032069091897929,0.9826702227958182,0.005466573904537095,0.9318911786662961,0.002597864070176683,0.001153692372472024,0.0018563596328032438,30,local_random,0.7,0.3,240
0.0,1.0,,1.718281828459045,congestion_resource,0.0006362534074390004,240,0.0032069091897929,0.9826702227958182,0.005466573904537095,0.9318911786662961,0.003054580326801943,0.0013872709928529606,0.0022005394192929897,30,local_random,1.0,0.3,240
0.0,1.0,,8.487735836358526,congestion_resource,0.0006362534074390004,240,0.0032069091897929,0.9826702227958182,0.005466573904537095,0.9318911786662961,0.003672955914658645,0.0017922348908386886,0.0027172543124078436,30,local_random,1.5,0.3,240
0.0,1.0,,53.598150033144236,congestion_resource,0.0006362534074390004,240,0.0032069091897929,0.9826702227958182,0.005466573904537095,0.9318911786662961,0.004232770838454912,0.0021757371396302987,0.0032119459370319988,30,local_random,2.0,0.3,240
0.008264462809917356,0.9958333333333333,,8102.083927575384,congestion_resource,0.0006362534074390004,240,0.0032069091897929,0.9826702227958182,0.005466573904537095,0.9318911786662961,0.012279729910142048,0.003140740152867804,0.006636709507916378,30,local_random,3.0,0.3,240
0.0,1.0,,0.0,congestion_resource,0.0006362534074390004,240,0.0032069091897929,0.9826702227958182,0.005466573904537095,0.9318911786662961,0.0008918733830347227,0.0003870159123662623,0.0006362534074390004,30,evolutionary_population,0.0,0.75,240
0.0,1.0,,0.01005016708416806,congestion_resource,0.0006362534074390004,240,0.0032069091897929,0.9826702227958182,0.005466573904537095,0.9318911786662961,0.0010089107046875522,0.0004459110495076801,0.0007235593010836529,30,evolutionary_population,0.1,0.75,240
0.0,1.0,,0.04081077419238824,congestion_resource,0.0006362534074390004,240,0.0032069091897929,0.9826702227958182,0.005466573904537095,0.9318911786662961,0.0011308754405628695,0.0004996268747083672,0.0008135003955355389,30,evolutionary_population,0.2,0.75,240
0.0,1.0,,0.13031912007401103,congestion_resource,0.0006362534074390004,240,0.0032069091897929,0.9826702227958182,0.005466573904537095,0.9318911786662961,0.0013167276421405952,0.0005841496917779029,0.000950080451718485,30,evolutionary_population,0.35,0.75,240
0.0,1.0,,0.2840254166877415,congestion_resource,0.0006362534074390004,240,0.0032069091897929,0.9826702227958182,0.005466573904537095,0.9318911786662961,0.0014988556197017189,0.000700118454959861,0.0010884733394312708,30,evolutionary_population,0.5,0.75,240
0.0,1.0,,0.6323162199553789,congestion_resource,0.0006362534074390004,240,0.0032069091897929,0.9826702227958182,0.005466573904537095,0.9318911786662961,0.0017259339134487097,0.0008145572815904522,0.0012713458968951585,30,evolutionary_population,0.7,0.75,240
0.0,1.0,,1.718281828459045,congestion_resource,0.0006362534074390004,240,0.0032069091897929,0.9826702227958182,0.005466573904537095,0.9318911786662961,0.002089363335986417,0.0009752187731044201,0.0015393772201919803,30,evolutionary_population,1.0,0.75,240
0.0,1.0,,8.487735836358526,congestion_resource,0.0006362534074390004,240,0.0032069091897929,0.9826702227958182,0.005466573904537095,0.9318911786662961,0.002680300192537831,0.0013006287112508658,0.001990847661425894,30,evolutionary_population,1.5,0.75,240
0.0,1.0,,53.598150033144236,congestion_resource,0.0006362534074390004,240,0.0032069091897929,0.9826702227958182,0.005466573904537095,0.9318911786662961,0.0032579667965003467,0.001642232003648903,0.0024469695846929254,30,evolutionary_population,2.0,0.75,240
0.0,1.0,,8102.083927575384,congestion_resource,0.0006362534074390004,240,0.0032069091897929,0.9826702227958182,0.005466573904537095,0.9318911786662961,0.004372967321225761,0.0023389452052538424,0.0033553931688260845,30,evolutionary_population,3.0,0.75,240
0.0,1.0,,0.0,congestion_resource,0.0006362534074390004,240,0.0032069091897929,0.9826702227958182,0.005466573904537095,0.9318911786662961,0.0012948869538886652,0.0005781256922542259,0.0009391848782220019,30,gradient_informed,0.0,0.75,240
0.0,1.0,,0.01005016708416806,congestion_resource,0.0006362534074390004,240,0.0032069091897929,0.9826702227958182,0.005466573904537095,0.9318911786662961,0.0014798629432110368,0.0006783598615771239,0.0010733003270056028,30,gradient_informed,0.1,0.75,240
0.0,1.0,,0.04081077419238824,congestion_resource,0.0006362534074390004,240,0.0032069091897929,0.9826702227958182,0.005466573904537095,0.9318911786662961,0.0016512480643256033,0.0007640047135878854,0.0012102801149645815,30,gradient_informed,0.2,0.75,240
0.0,1.0,,0.13031912007401103,congestion_resource,0.0006362534074390004,240,0.0032069091897929,0.9826702227958182,0.005466573904537095,0.9318911786662961,0.0019283737948212823,0.0009046186401711161,0.0014203234513047369,30,gradient_informed,0.35,0.75,240
0.0,1.0,,0.2840254166877415,congestion_resource,0.0006362534074390004,240,0.0032069091897929,0.9826702227958182,0.005466573904537095,0.9318911786662961,0.00221612164134451,0.0010603699833581662,0.001632083225336836,30,gradient_informed,0.5,0.75,240
0.0,1.0,,0.6323162199553789,congestion_resource,0.0006362534074390004,240,0.0032069091897929,0.9826702227958182,0.005466573904537095,0.9318911786662961,0.002585992567261085,0.0012754130433467697,0.0019218211933432871,30,gradient_informed,0.7,0.75,240
0.0,1.0,,1.718281828459045,congestion_resource,0.0006362534074390004,240,0.0032069091897929,0.9826702227958182,0.005466573904537095,0.9318911786662961,0.003171424906556199,0.0016014021306409475,0.0023830379265121254,30,gradient_informed,1.0,0.75,240
0.0,1.0,,8.487735836358526,congestion_resource,0.0006362534074390004,240,0.0032069091897929,0.9826702227958182,0.005466573904537095,0.9318911786662961,0.004160121424517059,0.002231574222988194,0.003199601633069542,30,gradient_informed,1.5,0.75,240
0.0,1.0,,53.598150033144236,congestion_resource,0.0006362534074390004,240,0.0032069091897929,0.9826702227958182,0.005466573904537095,0.9318911786662961,0.00520473333809028,0.0028345644624604284,0.004031141890708394,30,gradient_informed,2.0,0.75,240
0.0,1.0,,8102.083927575384,congestion_resource,0.0006362534074390004,240,0.0032069091897929,0.9826702227958182,0.005466573904537095,0.9318911786662961,0.00752854374243294,0.004251153101337179,0.005893219318229603,30,gradient_informed,3.0,0.75,240
0.0,1.0,,0.0,congestion_resource,0.0006362534074390004,240,0.0032069091897929,0.9826702227958182,0.005466573904537095,0.9318911786662961,0.0013878583784598711,0.0005917723404638737,0.0009754912290700286,30,local_random,0.0,0.75,240
0.0,1.0,,0.01005016708416806,congestion_resource,0.0006362534074390004,240,0.0032069091897929,0.9826702227958182,0.005466573904537095,0.9318911786662961,0.0015608318216352999,0.0006667504707588356,0.0011022646457285773,30,local_random,0.1,0.75,240
0.0,1.0,,0.04081077419238824,congestion_resource,0.0006362534074390004,240,0.0032069091897929,0.9826702227958182,0.005466573904537095,0.9318911786662961,0.0017247074363022457,0.0007490816145241417,0.0012292888616386123,30,local_random,0.2,0.75,240
0.0,1.0,,0.13031912007401103,congestion_resource,0.0006362534074390004,240,0.0032069091897929,0.9826702227958182,0.005466573904537095,0.9318911786662961,0.0020275245386770758,0.0008737834153220378,0.0014272678412044714,30,local_random,0.35,0.75,240
0.0,1.0,,0.2840254166877415,congestion_resource,0.0006362534074390004,240,0.0032069091897929,0.9826702227958182,0.005466573904537095,0.9318911786662961,0.0022890659697565254,0.001000809254005629,0.0016197240236813396,30,local_random,0.5,0.75,240
0.0,1.0,,0.6323162199553789,congestion_resource,0.0006362534074390004,240,0.0032069091897929,0.9826702227958182,0.005466573904537095,0.9318911786662961,0.0025938437782730404,0.0011413324065649266,0.0018563596328032438,30,local_random,0.7,0.75,240
0.0,1.0,,1.718281828459045,congestion_resource,0.0006362534074390004,240,0.0032069091897929,0.9826702227958182,0.005466573904537095,0.9318911786662961,0.003043760391351932,0.0014074211329470258,0.0022005394192929897,30,local_random,1.0,0.75,240
0.0,1.0,,8.487735836358526,congestion_resource,0.0006362534074390004,240,0.0032069091897929,0.9826702227958182,0.005466573904537095,0.9318911786662961,0.0036717053889558106,0.001789736793342554,0.0027172543124078436,30,local_random,1.5,0.75,240
0.0,1.0,,53.598150033144236,congestion_resource,0.0006362534074390004,240,0.0032069091897929,0.9826702227958182,0.005466573904537095,0.9318911786662961,0.004271832825430147,0.0021890364704876416,0.0032119459370319988,30,local_random,2.0,0.75,240
0.008264462809917356,0.9958333333333333,,8102.083927575384,congestion_resource,0.0006362534074390004,240,0.0032069091897929,0.9826702227958182,0.005466573904537095,0.9318911786662961,0.0123724939198525,0.003206950449916255,0.006636709507916378,30,local_random,3.0,0.75,240
0.0,1.0,,0.0,mpe2_frozen,0.7401154592279418,240,10.68966662686011,0.7906630151449059,12.91193979316351,0.7772704387228944,1.7872463420138702,0.09175198010209247,0.7401154592279418,30,evolutionary_population,0.0,0.0,240
0.0,1.0,,0.01005016708416806,mpe2_frozen,0.7401154592279418,240,10.68966662686011,0.7906630151449059,12.91193979316351,0.7772704387228944,2.0202277787761584,0.11016591004159583,0.8434884993927887,30,evolutionary_population,0.1,0.0,240
0.0,1.0,,0.04081077419238824,mpe2_frozen,0.7401154592279418,240,10.68966662686011,0.7906630151449059,12.91193979316351,0.7772704387228944,1.9917423698540935,0.1386942260779038,0.8614735315473838,30,evolutionary_population,0.2,0.0,240
0.0,1.0,,0.13031912007401103,mpe2_frozen,0.7401154592279418,240,10.68966662686011,0.7906630151449059,12.91193979316351,0.7772704387228944,2.027738364049917,0.14694012825003616,0.8763609757126697,30,evolutionary_population,0.35,0.0,240
0.0,1.0,,0.2840254166877415,mpe2_frozen,0.7401154592279418,240,10.68966662686011,0.7906630151449059,12.91193979316351,0.7772704387228944,2.269925560091676,0.18787561082912005,0.9993439722396857,30,evolutionary_population,0.5,0.0,240
0.0,1.0,,0.6323162199553789,mpe2_frozen,0.7401154592279418,240,10.68966662686011,0.7906630151449059,12.91193979316351,0.7772704387228944,2.105772586993345,0.21208341514402088,0.9512206498061228,30,evolutionary_population,0.7,0.0,240
0.0,1.0,,1.718281828459045,mpe2_frozen,0.7401154592279418,240,10.68966662686011,0.7906630151449059,12.91193979316351,0.7772704387228944,2.5439189757909553,0.20037998922393213,1.1233858085397608,30,evolutionary_population,1.0,0.0,240
0.0,1.0,,8.487735836358526,mpe2_frozen,0.7401154592279418,240,10.68966662686011,0.7906630151449059,12.91193979316351,0.7772704387228944,3.108424816964932,0.19853324640347772,1.3323908533352409,30,evolutionary_population,1.5,0.0,240
0.0,1.0,,53.598150033144236,mpe2_frozen,0.7401154592279418,240,10.68966662686011,0.7906630151449059,12.91193979316351,0.7772704387228944,3.2868605851367914,0.2413118377931739,1.4433484395710794,30,evolutionary_population,2.0,0.0,240
0.0,0.8,,8102.083927575384,mpe2_frozen,0.7401154592279418,240,10.68966662686011,0.7906630151449059,12.91193979316351,0.7772704387228944,3.643954347340781,0.3350799009088514,1.6350032811042956,30,evolutionary_population,3.0,0.0,240
0.0,1.0,,0.0,mpe2_frozen,0.7401154592279418,240,10.68966662686011,0.7906630151449059,12.91193979316351,0.7772704387228944,2.606294174493869,0.10988344984328724,1.0644558355060079,30,gradient_informed,0.0,0.0,240
0.0,1.0,,0.01005016708416806,mpe2_frozen,0.7401154592279418,240,10.68966662686011,0.7906630151449059,12.91193979316351,0.7772704387228944,2.747442811415927,0.12307507973149351,1.10740807438692,30,gradient_informed,0.1,0.0,240
0.0,1.0,,0.04081077419238824,mpe2_frozen,0.7401154592279418,240,10.68966662686011,0.7906630151449059,12.91193979316351,0.7772704387228944,2.696138057993523,0.13120829733914624,1.1243179306450135,30,gradient_informed,0.2,0.0,240
0.0,1.0,,0.13031912007401103,mpe2_frozen,0.7401154592279418,240,10.68966662686011,0.7906630151449059,12.91193979316351,0.7772704387228944,2.78217972679553,0.19128017880946027,1.2126008454144326,30,gradient_informed,0.35,0.0,240
0.0,1.0,,0.2840254166877415,mpe2_frozen,0.7401154592279418,240,10.68966662686011,0.7906630151449059,12.91193979316351,0.7772704387228944,3.002722258789218,0.2143640747652404,1.2940940000112582,30,gradient_informed,0.5,0.0,240
0.0,1.0,,0.6323162199553789,mpe2_frozen,0.7401154592279418,240,10.68966662686011,0.7906630151449059,12.91193979316351,0.7772704387228944,2.703870130277705,0.21621426792817822,1.2120222514085437,30,gradient_informed,0.7,0.0,240
0.0,1.0,,1.718281828459045,mpe2_frozen,0.7401154592279418,240,10.68966662686011,0.7906630151449059,12.91193979316351,0.7772704387228944,3.8168916107790083,0.23131278025294255,1.6008666626184889,30,gradient_informed,1.0,0.0,240
0.0,1.0,,8.487735836358526,mpe2_frozen,0.7401154592279418,240,10.68966662686011,0.7906630151449059,12.91193979316351,0.7772704387228944,4.092321751805462,0.28002822315344994,1.756438103551783,30,gradient_informed,1.5,0.0,240
0.0,1.0,,53.598150033144236,mpe2_frozen,0.7401154592279418,240,10.68966662686011,0.7906630151449059,12.91193979316351,0.7772704387228944,4.639791673191442,0.2891529227378656,1.9379399630473808,30,gradient_informed,2.0,0.0,240
0.0,1.0,,8102.083927575384,mpe2_frozen,0.7401154592279418,240,10.68966662686011,0.7906630151449059,12.91193979316351,0.7772704387228944,4.60386917807101,0.37067637924680746,2.0202740407643187,30,gradient_informed,3.0,0.0,240
0.0,1.0,,0.0,mpe2_frozen,0.7401154592279418,240,10.68966662686011,0.7906630151449059,12.91193979316351,0.7772704387228944,1.6294437566022137,0.11309071776540429,0.6883201635800139,30,local_random,0.0,0.0,240
0.0,1.0,,0.01005016708416806,mpe2_frozen,0.7401154592279418,240,10.68966662686011,0.7906630151449059,12.91193979316351,0.7772704387228944,1.6286594789795097,0.11279722199348849,0.6914086078300653,30,local_random,0.1,0.0,240
0.0,1.0,,0.04081077419238824,mpe2_frozen,0.7401154592279418,240,10.68966662686011,0.7906630151449059,12.91193979316351,0.7772704387228944,1.8269915865996431,0.13124181341658972,0.7828075997388432,30,local_random,0.2,0.0,240
0.0,1.0,,0.13031912007401103,mpe2_frozen,0.7401154592279418,240,10.68966662686011,0.7906630151449059,12.91193979316351,0.7772704387228944,2.03327430167432,0.1761342053960811,0.9178443016208292,30,local_random,0.35,0.0,240
0.0,1.0,,0.2840254166877415,mpe2_frozen,0.7401154592279418,240,10.68966662686011,0.7906630151449059,12.91193979316351,0.7772704387228944,2.0026133149450507,0.17579812707606646,0.9379655145962424,30,local_random,0.5,0.0,240
0.0,1.0,,0.6323162199553789,mpe2_frozen,0.7401154592279418,240,10.68966662686011,0.7906630151449059,12.91193979316351,0.7772704387228944,2.2210909655094717,0.14174646471006233,0.9665955761049905,30,local_random,0.7,0.0,240
0.0,0.9090909090909091,,1.718281828459045,mpe2_frozen,0.7401154592279418,240,10.68966662686011,0.7906630151449059,12.91193979316351,0.7772704387228944,2.4484245797918986,0.2641789190256009,1.1607601203035602,30,local_random,1.0,0.0,240
0.0,0.8666666666666667,,8.487735836358526,mpe2_frozen,0.7401154592279418,240,10.68966662686011,0.7906630151449059,12.91193979316351,0.7772704387228944,3.0643885458236477,0.35261912258875633,1.469739261985241,30,local_random,1.5,0.0,240
0.0,0.875,,53.598150033144236,mpe2_frozen,0.7401154592279418,240,10.68966662686011,0.7906630151449059,12.91193979316351,0.7772704387228944,2.9005398101355166,0.3103094750981098,1.3775479837225972,30,local_random,2.0,0.0,240
0.125,0.9473684210526315,,8102.083927575384,mpe2_frozen,0.7401154592279418,240,10.68966662686011,0.7906630151449059,12.91193979316351,0.7772704387228944,3.2701035794099282,0.46697550230410384,1.6742544456546316,30,local_random,3.0,0.0,240
0.0189873417721519,0.9833333333333333,,0.0,performative_control,0.033106548655470545,240,0.15136604215718025,0.8378159567019511,0.1551135536231447,0.8209448080695844,0.03490580117935448,0.03121676994102893,0.033106548655470545,30,evolutionary_population,0.0,0.35,240
0.02531645569620253,0.9791666666666666,,0.01005016708416806,performative_control,0.033106548655470545,240,0.15136604215718025,0.8378159567019511,0.1551135536231447,0.8209448080695844,0.039511436993000644,0.035306671328896734,0.037470579560835215,30,evolutionary_population,0.1,0.35,240
0.05063291139240506,0.9625,,0.04081077419238824,performative_control,0.033106548655470545,240,0.15136604215718025,0.8378159567019511,0.1551135536231447,0.8209448080695844,0.0441562600412242,0.03943996504343793,0.04185985721981381,30,evolutionary_population,0.2,0.35,240
0.10759493670886076,0.925,,0.13031912007401103,performative_control,0.033106548655470545,240,0.15136604215718025,0.8378159567019511,0.1551135536231447,0.8209448080695844,0.051104618327722576,0.04570084914199911,0.04849162367764728,30,evolutionary_population,0.35,0.35,240
0.22151898734177214,0.85,,0.2840254166877415,performative_control,0.033106548655470545,240,0.15136604215718025,0.8378159567019511,0.1551135536231447,0.8209448080695844,0.058265462521051636,0.051928532694650295,0.05518151454485973,30,evolutionary_population,0.5,0.35,240
0.36075949367088606,0.7583333333333333,,0.6323162199553789,performative_control,0.033106548655470545,240,0.15136604215718025,0.8378159567019511,0.1551135536231447,0.8209448080695844,0.06784112347189122,0.060397084398913246,0.06419315891558966,30,evolutionary_population,0.7,0.35,240
0.4936708860759494,0.6708333333333333,,1.718281828459045,performative_control,0.033106548655470545,240,0.15136604215718025,0.8378159567019511,0.1551135536231447,0.8209448080695844,0.08226492950947666,0.07330389096673005,0.07791116251052897,30,evolutionary_population,1.0,0.35,240
0.7151898734177216,0.525,,8.487735836358526,performative_control,0.033106548655470545,240,0.15136604215718025,0.8378159567019511,0.1551135536231447,0.8209448080695844,0.10732926443452002,0.09518611461103327,0.10132513862785668,30,evolutionary_population,1.5,0.35,240
0.879746835443038,0.4166666666666667,,53.598150033144236,performative_control,0.033106548655470545,240,0.15136604215718025,0.8378159567019511,0.1551135536231447,0.8209448080695844,0.1330695669525849,0.11745743936385641,0.12545341770933818,30,evolutionary_population,2.0,0.35,240
0.9683544303797469,0.35833333333333334,,8102.083927575384,performative_control,0.033106548655470545,240,0.15136604215718025,0.8378159567019511,0.1551135536231447,0.8209448080695844,0.18696339076059418,0.1644010014408816,0.17587325541395557,30,evolutionary_population,3.0,0.35,240
0.008333333333333333,0.9916666666666667,,0.0,performative_control,0.033106548655470545,240,0.15136604215718025,0.8378159567019511,0.1551135536231447,0.8209448080695844,0.04820379016985618,0.045194229585041795,0.04668228098148594,30,gradient_informed,0.0,0.35,240
0.03333333333333333,0.9666666666666667,,0.01005016708416806,performative_control,0.033106548655470545,240,0.15136604215718025,0.8378159567019511,0.1551135536231447,0.8209448080695844,0.05494315127936004,0.05149013608790138,0.053217295918300746,30,gradient_informed,0.1,0.35,240
0.09583333333333334,0.9041666666666667,,0.04081077419238824,performative_control,0.033106548655470545,240,0.15136604215718025,0.8378159567019511,0.1551135536231447,0.8209448080695844,0.06186102632750894,0.05787576558462343,0.05987465572279924,30,gradient_informed,0.2,0.35,240
0.25833333333333336,0.7416666666666667,,0.13031912007401103,performative_control,0.033106548655470545,240,0.15136604215718025,0.8378159567019511,0.1551135536231447,0.8209448080695844,0.07245051524729529,0.06775100521290839,0.0700907066192296,30,gradient_informed,0.35,0.35,240
0.4791666666666667,0.5208333333333334,,0.2840254166877415,performative_control,0.033106548655470545,240,0.15136604215718025,0.8378159567019511,0.1551135536231447,0.8209448080695844,0.08332132825726082,0.0778551093351292,0.08058362015644792,30,gradient_informed,0.5,0.35,240
0.6875,0.3125,,0.6323162199553789,performative_control,0.033106548655470545,240,0.15136604215718025,0.8378159567019511,0.1551135536231447,0.8209448080695844,0.09832388673057148,0.09180031974260174,0.09500651296956902,30,gradient_informed,0.7,0.35,240
0.8333333333333334,0.16666666666666666,,1.718281828459045,performative_control,0.033106548655470545,240,0.15136604215718025,0.8378159567019511,0.1551135536231447,0.8209448080695844,0.12168675392103671,0.11335682556980242,0.11757199559983397,30,gradient_informed,1.0,0.35,240
0.95,0.05,,8.487735836358526,performative_control,0.033106548655470545,240,0.15136604215718025,0.8378159567019511,0.1551135536231447,0.8209448080695844,0.1635251147414834,0.1519686795086542,0.15768378661866092,30,gradient_informed,1.5,0.35,240
0.9916666666666667,0.008333333333333333,,53.598150033144236,performative_control,0.033106548655470545,240,0.15136604215718025,0.8378159567019511,0.1551135536231447,0.8209448080695844,0.20864931359471656,0.1932559228312403,0.20095646340917206,30,gradient_informed,2.0,0.35,240
1.0,0.0,,8102.083927575384,performative_control,0.033106548655470545,240,0.15136604215718025,0.8378159567019511,0.1551135536231447,0.8209448080695844,0.3096229288316874,0.28465324103942047,0.2971399186136973,30,gradient_informed,3.0,0.35,240
0.19047619047619047,0.8875,,0.0,performative_control,0.033106548655470545,240,0.15136604215718025,0.8378159567019511,0.1551135536231447,0.8209448080695844,0.04982867523455774,0.040711025830186105,0.04515347276653166,30,local_random,0.0,0.35,240
0.21428571428571427,0.875,,0.01005016708416806,performative_control,0.033106548655470545,240,0.15136604215718025,0.8378159567019511,0.1551135536231447,0.8209448080695844,0.05612878044801291,0.04582548343334364,0.050862593388288774,30,local_random,0.1,0.35,240
0.23015873015873015,0.8666666666666667,,0.04081077419238824,performative_control,0.033106548655470545,240,0.15136604215718025,0.8378159567019511,0.1551135536231447,0.8209448080695844,0.062459833384810606,0.05089912863435712,0.056550748554327325,30,local_random,0.2,0.35,240
0.29365079365079366,0.8333333333333334,,0.13031912007401103,performative_control,0.033106548655470545,240,0.15136604215718025,0.8378159567019511,0.1551135536231447,0.8209448080695844,0.07186280741735643,0.05850360766664083,0.0650443274836993,30,local_random,0.35,0.35,240
0.35714285714285715,0.8,,0.2840254166877415,performative_control,0.033106548655470545,240,0.15136604215718025,0.8378159567019511,0.1551135536231447,0.8209448080695844,0.08154255056985706,0.06598288408245716,0.07349242037546722,30,local_random,0.5,0.35,240
0.42063492063492064,0.7666666666666667,,0.6323162199553789,performative_control,0.033106548655470545,240,0.15136604215718025,0.8378159567019511,0.1551135536231447,0.8209448080695844,0.09442649745840612,0.07588432182788889,0.08468763040329819,30,local_random,0.7,0.35,240
0.48412698412698413,0.7333333333333333,,1.718281828459045,performative_control,0.033106548655470545,240,0.15136604215718025,0.8378159567019511,0.1551135536231447,0.8209448080695844,0.11330916825437279,0.09037449704155147,0.10132981245520864,30,local_random,1.0,0.35,240
0.626984126984127,0.6583333333333333,,8.487735836358526,performative_control,0.033106548655470545,240,0.15136604215718025,0.8378159567019511,0.1551135536231447,0.8209448080695844,0.14493556862013324,0.11355587462226967,0.12854127314576622,30,local_random,1.5,0.35,240
0.7063492063492064,0.6166666666666667,,53.598150033144236,performative_control,0.033106548655470545,240,0.15136604215718025,0.8378159567019511,0.1551135536231447,0.8209448080695844,0.17687043652536721,0.13466164887069335,0.15500540653646516,30,local_random,2.0,0.35,240
0.7936507936507936,0.5708333333333333,,8102.083927575384,performative_control,0.033106548655470545,240,0.15136604215718025,0.8378159567019511,0.1551135536231447,0.8209448080695844,0.24941304849728455,0.18485443235770646,0.21525032962646548,30,local_random,3.0,0.35,240
0.0189873417721519,0.9791666666666666,,0.0,performative_control,0.02910571616011169,240,0.13334552938744898,0.9440832394526616,0.13657522782042422,0.9424555981874684,0.03060271484653771,0.027528707033992666,0.02910571616011169,30,evolutionary_population,0.0,0.85,240
0.0189873417721519,0.9833333333333333,,0.01005016708416806,performative_control,0.02910571616011169,240,0.13334552938744898,0.9440832394526616,0.13657522782042422,0.9424555981874684,0.03466924984323544,0.031111205417476657,0.0329573678935899,30,evolutionary_population,0.1,0.85,240
0.0189873417721519,0.9833333333333333,,0.04081077419238824,performative_control,0.02910571616011169,240,0.13334552938744898,0.9440832394526616,0.13657522782042422,0.9424555981874684,0.03877895039498452,0.03481244130710606,0.036836152289517414,30,evolutionary_population,0.2,0.85,240
0.0189873417721519,0.9833333333333333,,0.13031912007401103,performative_control,0.02910571616011169,240,0.13334552938744898,0.9440832394526616,0.13657522782042422,0.9424555981874684,0.04497350577320433,0.04040002765868803,0.04270669729580818,30,evolutionary_population,0.35,0.85,240
0.0189873417721519,0.9833333333333333,,0.2840254166877415,performative_control,0.02910571616011169,240,0.13334552938744898,0.9440832394526616,0.13657522782042422,0.9424555981874684,0.05128723494189785,0.0459231693776705,0.04864215197984211,30,evolutionary_population,0.5,0.85,240
0.02531645569620253,0.9791666666666666,,0.6323162199553789,performative_control,0.02910571616011169,240,0.13334552938744898,0.9440832394526616,0.13657522782042422,0.9424555981874684,0.059782872514240776,0.05343763471024819,0.056661125215883575,30,evolutionary_population,0.7,0.85,240
0.056962025316455694,0.9583333333333334,,1.718281828459045,performative_control,0.02910571616011169,240,0.13334552938744898,0.9440832394526616,0.13657522782042422,0.9424555981874684,0.0727934367546159,0.0648912845734459,0.0689261409318904,30,evolutionary_population,1.0,0.85,240
0.2088607594936709,0.8583333333333333,,8.487735836358526,performative_control,0.02910571616011169,240,0.13334552938744898,0.9440832394526616,0.13657522782042422,0.9424555981874684,0.09527641352802306,0.08457715394917689,0.09004679326087585,30,evolutionary_population,1.5,0.85,240
0.379746835443038,0.7458333333333333,,53.598150033144236,performative_control,0.02910571616011169,240,0.13334552938744898,0.9440832394526616,0.13657522782042422,0.9424555981874684,0.11897141530538329,0.10480427485461692,0.11209672109645087,30,evolutionary_population,2.0,0.85,240
0.5632911392405063,0.625,,8102.083927575384,performative_control,0.02910571616011169,240,0.13334552938744898,0.9440832394526616,0.13657522782042422,0.9424555981874684,0.1697932950424269,0.14804063692288852,0.15917526283596123,30,evolutionary_population,3.0,0.85,240
0.004166666666666667,0.9958333333333333,,0.0,performative_control,0.02910571616011169,240,0.13334552938744898,0.9440832394526616,0.13657522782042422,0.9424555981874684,0.04245638603758453,0.040006003037601066,0.041228632090687466,30,gradient_informed,0.0,0.85,240
0.004166666666666667,0.9958333333333333,,0.01005016708416806,performative_control,0.02910571616011169,240,0.13334552938744898,0.9440832394526616,0.13657522782042422,0.9424555981874684,0.048479301745663055,0.04559504042657677,0.04702400695004587,30,gradient_informed,0.1,0.85,240
0.004166666666666667,0.9958333333333333,,0.04081077419238824,performative_control,0.02910571616011169,240,0.13334552938744898,0.9440832394526616,0.13657522782042422,0.9424555981874684,0.054655573150946574,0.05131112334405108,0.05293481674413872,30,gradient_informed,0.2,0.85,240
0.004166666666666667,0.9958333333333333,,0.13031912007401103,performative_control,0.02910571616011169,240,0.13334552938744898,0.9440832394526616,0.13657522782042422,0.9424555981874684,0.0639984726864368,0.06004418032603611,0.06201940541465511,30,gradient_informed,0.35,0.85,240
0.008333333333333333,0.9916666666666667,,0.2840254166877415,performative_control,0.02910571616011169,240,0.13334552938744898,0.9440832394526616,0.13657522782042422,0.9424555981874684,0.07368949117867338,0.0690337222308023,0.07136874829438115,30,gradient_informed,0.5,0.85,240
0.029166666666666667,0.9708333333333333,,0.6323162199553789,performative_control,0.02910571616011169,240,0.13334552938744898,0.9440832394526616,0.13657522782042422,0.9424555981874684,0.08708956355136727,0.08148958926083838,0.08425176674413816,30,gradient_informed,0.7,0.85,240
0.1,0.9,,1.718281828459045,performative_control,0.02910571616011169,240,0.13334552938744898,0.9440832394526616,0.13657522782042422,0.9424555981874684,0.10833779307276063,0.10079371462905506,0.10448584700864141,30,gradient_informed,1.0,0.85,240
0.3541666666666667,0.6458333333333334,,8.487735836358526,performative_control,0.02910571616011169,240,0.13334552938744898,0.9440832394526616,0.13657522782042422,0.9424555981874684,0.1461400734001916,0.1353665850579485,0.14070128132979276,30,gradient_informed,1.5,0.85,240
0.6333333333333333,0.36666666666666664,,53.598150033144236,performative_control,0.02910571616011169,240,0.13334552938744898,0.9440832394526616,0.13657522782042422,0.9424555981874684,0.18773715691181075,0.1728084044238077,0.1801461850888696,30,gradient_informed,2.0,0.85,240
0.825,0.175,,8102.083927575384,performative_control,0.02910571616011169,240,0.13334552938744898,0.9440832394526616,0.13657522782042422,0.9424555981874684,0.28221971014142,0.25664264396041514,0.2693013878584359,30,gradient_informed,3.0,0.85,240
0.03968253968253968,0.9666666666666667,,0.0,performative_control,0.02910571616011169,240,0.13334552938744898,0.9440832394526616,0.13657522782042422,0.9424555981874684,0.04356341232955739,0.03544957441117793,0.03954573537055598,30,local_random,0.0,0.85,240
0.05555555555555555,0.9583333333333334,,0.01005016708416806,performative_control,0.02910571616011169,240,0.13334552938744898,0.9440832394526616,0.13657522782042422,0.9424555981874684,0.04925036350740511,0.040042866001167174,0.04455886740423774,30,local_random,0.1,0.85,240
0.07142857142857142,0.95,,0.04081077419238824,performative_control,0.02910571616011169,240,0.13334552938744898,0.9440832394526616,0.13657522782042422,0.9424555981874684,0.05482183750947533,0.04459832054111107,0.049558441684253086,30,local_random,0.2,0.85,240
0.09523809523809523,0.9375,,0.13031912007401103,performative_control,0.02910571616011169,240,0.13334552938744898,0.9440832394526616,0.13657522782042422,0.9424555981874684,0.06325065573079146,0.051224254099841326,0.057034171437373465,30,local_random,0.35,0.85,240
0.15873015873015872,0.9041666666666667,,0.2840254166877415,performative_control,0.02910571616011169,240,0.13334552938744898,0.9440832394526616,0.13657522782042422,0.9424555981874684,0.07169035200797261,0.05780610609118181,0.06448398693586008,30,local_random,0.5,0.85,240
0.19047619047619047,0.8875,,0.6323162199553789,performative_control,0.02910571616011169,240,0.13334552938744898,0.9440832394526616,0.13657522782042422,0.9424555981874684,0.08291876440849726,0.06667105435974938,0.07438327740406067,30,local_random,0.7,0.85,240
0.2222222222222222,0.8708333333333333,,1.718281828459045,performative_control,0.02910571616011169,240,0.13334552938744898,0.9440832394526616,0.13657522782042422,0.9424555981874684,0.09972266740941652,0.079583052873823,0.08915268862583535,30,local_random,1.0,0.85,240
0.3253968253968254,0.8166666666666667,,8.487735836358526,performative_control,0.02910571616011169,240,0.13334552938744898,0.9440832394526616,0.13657522782042422,0.9424555981874684,0.12768300613530836,0.10000631634447106,0.11324234055642458,30,local_random,1.5,0.85,240
0.4126984126984127,0.7708333333333334,,53.598150033144236,performative_control,0.02910571616011169,240,0.13334552938744898,0.9440832394526616,0.13657522782042422,0.9424555981874684,0.1567288809240804,0.11823193058032368,0.13669827502020263,30,local_random,2.0,0.85,240
0.5793650793650794,0.6833333333333333,,8102.083927575384,performative_control,0.02910571616011169,240,0.13334552938744898,0.9440832394526616,0.13657522782042422,0.9424555981874684,0.22617289786178693,0.16701859646121883,0.19516762323804657,30,local_random,3.0,0.85,240
