bound,bound_holds,bound_ratio,bound_slack,candidate_policy,delta_actor,delta_direct,epsilon,experiment,global_mae,global_mae_pass,improvement_reversal_rate,improvement_sign_consistency,incumbent_policy,observed_error,operator_ide,operator_improvement_reversal_rate,operator_improvement_sign_consistency,operator_positive_proxy_count,operator_reversal_count,operator_reversal_pass,operator_sample_count,operator_sign_pass,policy_count,response_distance,response_strength,seed,spearman,spearman_deficit,spearman_pass,swapped_policy_indices,theorem_pass,update_footprint,value_lipschitz
,,,,,,,0.1,global_fidelity,0.008333333333333331,True,1.0,0.0,,,0.13333333333333297,1.0,0.0,128,128,True,128,True,16,,,101,0.9970588235294118,0.002941176470588225,True,"[7, 8]",True,,
,,,,,,,0.1,global_fidelity,0.008333333333333331,True,1.0,0.0,,,0.13333333333333297,1.0,0.0,128,128,True,128,True,16,,,102,0.9970588235294118,0.002941176470588225,True,"[7, 8]",True,,
,,,,,,,0.1,global_fidelity,0.008333333333333331,True,1.0,0.0,,,0.13333333333333297,1.0,0.0,128,128,True,128,True,16,,,103,0.9970588235294118,0.002941176470588225,True,"[7, 8]",True,,
,,,,,,,0.1,global_fidelity,0.008333333333333331,True,1.0,0.0,,,0.13333333333333297,1.0,0.0,128,128,True,128,True,16,,,104,0.9970588235294118,0.002941176470588225,True,"[7, 8]",True,,
,,,,,,,0.1,global_fidelity,0.008333333333333331,True,1.0,0.0,,,0.13333333333333297,1.0,0.0,128,128,True,128,True,16,,,105,0.9970588235294118,0.002941176470588225,True,"[7, 8]",True,,
,,,,,,,0.01,global_fidelity,0.008333333333333331,True,1.0,0.0,,,0.13333333333333297,1.0,0.0,128,128,True,128,True,16,,,101,0.9970588235294118,0.002941176470588225,True,"[7, 8]",True,,
,,,,,,,0.01,global_fidelity,0.008333333333333331,True,1.0,0.0,,,0.13333333333333297,1.0,0.0,128,128,True,128,True,16,,,102,0.9970588235294118,0.002941176470588225,True,"[7, 8]",True,,
,,,,,,,0.01,global_fidelity,0.008333333333333331,True,1.0,0.0,,,0.13333333333333297,1.0,0.0,128,128,True,128,True,16,,,103,0.9970588235294118,0.002941176470588225,True,"[7, 8]",True,,
,,,,,,,0.01,global_fidelity,0.008333333333333331,True,1.0,0.0,,,0.13333333333333297,1.0,0.0,128,128,True,128,True,16,,,104,0.9970588235294118,0.002941176470588225,True,"[7, 8]",True,,
,,,,,,,0.01,global_fidelity,0.008333333333333331,True,1.0,0.0,,,0.13333333333333297,1.0,0.0,128,128,True,128,True,16,,,105,0.9970588235294118,0.002941176470588225,True,"[7, 8]",True,,
,,,,,,,0.001,global_fidelity,0.008333333333333331,False,1.0,0.0,,,0.13333333333333297,1.0,0.0,128,128,True,128,True,16,,,101,0.9970588235294118,0.002941176470588225,False,"[7, 8]",False,,
,,,,,,,0.001,global_fidelity,0.008333333333333331,False,1.0,0.0,,,0.13333333333333297,1.0,0.0,128,128,True,128,True,16,,,102,0.9970588235294118,0.002941176470588225,False,"[7, 8]",False,,
,,,,,,,0.001,global_fidelity,0.008333333333333331,False,1.0,0.0,,,0.13333333333333297,1.0,0.0,128,128,True,128,True,16,,,103,0.9970588235294118,0.002941176470588225,False,"[7, 8]",False,,
,,,,,,,0.001,global_fidelity,0.008333333333333331,False,1.0,0.0,,,0.13333333333333297,1.0,0.0,128,128,True,128,True,16,,,104,0.9970588235294118,0.002941176470588225,False,"[7, 8]",False,,
,,,,,,,0.001,global_fidelity,0.008333333333333331,False,1.0,0.0,,,0.13333333333333297,1.0,0.0,128,128,True,128,True,16,,,105,0.9970588235294118,0.002941176470588225,False,"[7, 8]",False,,
,,,,,,,0.1,global_fidelity,0.0020161290322580627,True,1.0,0.0,,,0.06451612903225801,1.0,0.0,128,128,True,128,True,32,,,101,0.9996334310850438,0.00036656891495623345,True,"[15, 16]",True,,
,,,,,,,0.1,global_fidelity,0.0020161290322580627,True,1.0,0.0,,,0.06451612903225801,1.0,0.0,128,128,True,128,True,32,,,102,0.9996334310850438,0.00036656891495623345,True,"[15, 16]",True,,
,,,,,,,0.1,global_fidelity,0.0020161290322580627,True,1.0,0.0,,,0.06451612903225801,1.0,0.0,128,128,True,128,True,32,,,103,0.9996334310850438,0.00036656891495623345,True,"[15, 16]",True,,
,,,,,,,0.1,global_fidelity,0.0020161290322580627,True,1.0,0.0,,,0.06451612903225801,1.0,0.0,128,128,True,128,True,32,,,104,0.9996334310850438,0.00036656891495623345,True,"[15, 16]",True,,
,,,,,,,0.1,global_fidelity,0.0020161290322580627,True,1.0,0.0,,,0.06451612903225801,1.0,0.0,128,128,True,128,True,32,,,105,0.9996334310850438,0.00036656891495623345,True,"[15, 16]",True,,
,,,,,,,0.01,global_fidelity,0.0020161290322580627,True,1.0,0.0,,,0.06451612903225801,1.0,0.0,128,128,True,128,True,32,,,101,0.9996334310850438,0.00036656891495623345,True,"[15, 16]",True,,
,,,,,,,0.01,global_fidelity,0.0020161290322580627,True,1.0,0.0,,,0.06451612903225801,1.0,0.0,128,128,True,128,True,32,,,102,0.9996334310850438,0.00036656891495623345,True,"[15, 16]",True,,
,,,,,,,0.01,global_fidelity,0.0020161290322580627,True,1.0,0.0,,,0.06451612903225801,1.0,0.0,128,128,True,128,True,32,,,103,0.9996334310850438,0.00036656891495623345,True,"[15, 16]",True,,
,,,,,,,0.01,global_fidelity,0.0020161290322580627,True,1.0,0.0,,,0.06451612903225801,1.0,0.0,128,128,True,128,True,32,,,104,0.9996334310850438,0.00036656891495623345,True,"[15, 16]",True,,
,,,,,,,0.01,global_fidelity,0.0020161290322580627,True,1.0,0.0,,,0.06451612903225801,1.0,0.0,128,128,True,128,True,32,,,105,0.9996334310850438,0.00036656891495623345,True,"[15, 16]",True,,
,,,,,,,0.001,global_fidelity,0.0020161290322580627,False,1.0,0.0,,,0.06451612903225801,1.0,0.0,128,128,True,128,True,32,,,101,0.9996334310850438,0.00036656891495623345,True,"[15, 16]",False,,
,,,,,,,0.001,global_fidelity,0.0020161290322580627,False,1.0,0.0,,,0.06451612903225801,1.0,0.0,128,128,True,128,True,32,,,102,0.9996334310850438,0.00036656891495623345,True,"[15, 16]",False,,
,,,,,,,0.001,global_fidelity,0.0020161290322580627,False,1.0,0.0,,,0.06451612903225801,1.0,0.0,128,128,True,128,True,32,,,103,0.9996334310850438,0.00036656891495623345,True,"[15, 16]",False,,
,,,,,,,0.001,global_fidelity,0.0020161290322580627,False,1.0,0.0,,,0.06451612903225801,1.0,0.0,128,128,True,128,True,32,,,104,0.9996334310850438,0.00036656891495623345,True,"[15, 16]",False,,
,,,,,,,0.001,global_fidelity,0.0020161290322580627,False,1.0,0.0,,,0.06451612903225801,1.0,0.0,128,128,True,128,True,32,,,105,0.9996334310850438,0.00036656891495623345,True,"[15, 16]",False,,
,,,,,,,0.1,global_fidelity,0.000496031746031746,True,1.0,0.0,,,0.03174603174603166,1.0,0.0,128,128,True,128,True,64,,,101,0.9999542124542122,4.578754578776767e-05,True,"[31, 32]",True,,
,,,,,,,0.1,global_fidelity,0.000496031746031746,True,1.0,0.0,,,0.03174603174603166,1.0,0.0,128,128,True,128,True,64,,,102,0.9999542124542122,4.578754578776767e-05,True,"[31, 32]",True,,
,,,,,,,0.1,global_fidelity,0.000496031746031746,True,1.0,0.0,,,0.03174603174603166,1.0,0.0,128,128,True,128,True,64,,,103,0.9999542124542122,4.578754578776767e-05,True,"[31, 32]",True,,
,,,,,,,0.1,global_fidelity,0.000496031746031746,True,1.0,0.0,,,0.03174603174603166,1.0,0.0,128,128,True,128,True,64,,,104,0.9999542124542122,4.578754578776767e-05,True,"[31, 32]",True,,
,,,,,,,0.1,global_fidelity,0.000496031746031746,True,1.0,0.0,,,0.03174603174603166,1.0,0.0,128,128,True,128,True,64,,,105,0.9999542124542122,4.578754578776767e-05,True,"[31, 32]",True,,
,,,,,,,0.01,global_fidelity,0.000496031746031746,True,1.0,0.0,,,0.03174603174603166,1.0,0.0,128,128,True,128,True,64,,,101,0.9999542124542122,4.578754578776767e-05,True,"[31, 32]",True,,
,,,,,,,0.01,global_fidelity,0.000496031746031746,True,1.0,0.0,,,0.03174603174603166,1.0,0.0,128,128,True,128,True,64,,,102,0.9999542124542122,4.578754578776767e-05,True,"[31, 32]",True,,
,,,,,,,0.01,global_fidelity,0.000496031746031746,True,1.0,0.0,,,0.03174603174603166,1.0,0.0,128,128,True,128,True,64,,,103,0.9999542124542122,4.578754578776767e-05,True,"[31, 32]",True,,
,,,,,,,0.01,global_fidelity,0.000496031746031746,True,1.0,0.0,,,0.03174603174603166,1.0,0.0,128,128,True,128,True,64,,,104,0.9999542124542122,4.578754578776767e-05,True,"[31, 32]",True,,
,,,,,,,0.01,global_fidelity,0.000496031746031746,True,1.0,0.0,,,0.03174603174603166,1.0,0.0,128,128,True,128,True,64,,,105,0.9999542124542122,4.578754578776767e-05,True,"[31, 32]",True,,
,,,,,,,0.001,global_fidelity,0.000496031746031746,True,1.0,0.0,,,0.03174603174603166,1.0,0.0,128,128,True,128,True,64,,,101,0.9999542124542122,4.578754578776767e-05,True,"[31, 32]",True,,
,,,,,,,0.001,global_fidelity,0.000496031746031746,True,1.0,0.0,,,0.03174603174603166,1.0,0.0,128,128,True,128,True,64,,,102,0.9999542124542122,4.578754578776767e-05,True,"[31, 32]",True,,
,,,,,,,0.001,global_fidelity,0.000496031746031746,True,1.0,0.0,,,0.03174603174603166,1.0,0.0,128,128,True,128,True,64,,,103,0.9999542124542122,4.578754578776767e-05,True,"[31, 32]",True,,
,,,,,,,0.001,global_fidelity,0.000496031746031746,True,1.0,0.0,,,0.03174603174603166,1.0,0.0,128,128,True,128,True,64,,,104,0.9999542124542122,4.578754578776767e-05,True,"[31, 32]",True,,
,,,,,,,0.001,global_fidelity,0.000496031746031746,True,1.0,0.0,,,0.03174603174603166,1.0,0.0,128,128,True,128,True,64,,,105,0.9999542124542122,4.578754578776767e-05,True,"[31, 32]",True,,
,,,,,,,0.1,global_fidelity,0.0001230314960629919,True,1.0,0.0,,,0.015748031496062964,1.0,0.0,128,128,True,128,True,128,,,101,0.9999942776048343,5.722395165719263e-06,True,"[63, 64]",True,,
,,,,,,,0.1,global_fidelity,0.0001230314960629919,True,1.0,0.0,,,0.015748031496062964,1.0,0.0,128,128,True,128,True,128,,,102,0.9999942776048343,5.722395165719263e-06,True,"[63, 64]",True,,
,,,,,,,0.1,global_fidelity,0.0001230314960629919,True,1.0,0.0,,,0.015748031496062964,1.0,0.0,128,128,True,128,True,128,,,103,0.9999942776048343,5.722395165719263e-06,True,"[63, 64]",True,,
,,,,,,,0.1,global_fidelity,0.0001230314960629919,True,1.0,0.0,,,0.015748031496062964,1.0,0.0,128,128,True,128,True,128,,,104,0.9999942776048343,5.722395165719263e-06,True,"[63, 64]",True,,
,,,,,,,0.1,global_fidelity,0.0001230314960629919,True,1.0,0.0,,,0.015748031496062964,1.0,0.0,128,128,True,128,True,128,,,105,0.9999942776048343,5.722395165719263e-06,True,"[63, 64]",True,,
,,,,,,,0.01,global_fidelity,0.0001230314960629919,True,1.0,0.0,,,0.015748031496062964,1.0,0.0,128,128,True,128,True,128,,,101,0.9999942776048343,5.722395165719263e-06,True,"[63, 64]",True,,
,,,,,,,0.01,global_fidelity,0.0001230314960629919,True,1.0,0.0,,,0.015748031496062964,1.0,0.0,128,128,True,128,True,128,,,102,0.9999942776048343,5.722395165719263e-06,True,"[63, 64]",True,,
,,,,,,,0.01,global_fidelity,0.0001230314960629919,True,1.0,0.0,,,0.015748031496062964,1.0,0.0,128,128,True,128,True,128,,,103,0.9999942776048343,5.722395165719263e-06,True,"[63, 64]",True,,
,,,,,,,0.01,global_fidelity,0.0001230314960629919,True,1.0,0.0,,,0.015748031496062964,1.0,0.0,128,128,True,128,True,128,,,104,0.9999942776048343,5.722395165719263e-06,True,"[63, 64]",True,,
,,,,,,,0.01,global_fidelity,0.0001230314960629919,True,1.0,0.0,,,0.015748031496062964,1.0,0.0,128,128,True,128,True,128,,,105,0.9999942776048343,5.722395165719263e-06,True,"[63, 64]",True,,
,,,,,,,0.001,global_fidelity,0.0001230314960629919,True,1.0,0.0,,,0.015748031496062964,1.0,0.0,128,128,True,128,True,128,,,101,0.9999942776048343,5.722395165719263e-06,True,"[63, 64]",True,,
,,,,,,,0.001,global_fidelity,0.0001230314960629919,True,1.0,0.0,,,0.015748031496062964,1.0,0.0,128,128,True,128,True,128,,,102,0.9999942776048343,5.722395165719263e-06,True,"[63, 64]",True,,
,,,,,,,0.001,global_fidelity,0.0001230314960629919,True,1.0,0.0,,,0.015748031496062964,1.0,0.0,128,128,True,128,True,128,,,103,0.9999942776048343,5.722395165719263e-06,True,"[63, 64]",True,,
,,,,,,,0.001,global_fidelity,0.0001230314960629919,True,1.0,0.0,,,0.015748031496062964,1.0,0.0,128,128,True,128,True,128,,,104,0.9999942776048343,5.722395165719263e-06,True,"[63, 64]",True,,
,,,,,,,0.001,global_fidelity,0.0001230314960629919,True,1.0,0.0,,,0.015748031496062964,1.0,0.0,128,128,True,128,True,128,,,105,0.9999942776048343,5.722395165719263e-06,True,"[63, 64]",True,,
,,,,,,,0.1,global_fidelity,3.0637254901960675e-05,True,1.0,0.0,,,0.007843137254901933,1.0,0.0,128,128,True,128,True,256,,,101,0.9999992847333485,7.152666514631534e-07,True,"[127, 128]",True,,
,,,,,,,0.1,global_fidelity,3.0637254901960675e-05,True,1.0,0.0,,,0.007843137254901933,1.0,0.0,128,128,True,128,True,256,,,102,0.9999992847333485,7.152666514631534e-07,True,"[127, 128]",True,,
,,,,,,,0.1,global_fidelity,3.0637254901960675e-05,True,1.0,0.0,,,0.007843137254901933,1.0,0.0,128,128,True,128,True,256,,,103,0.9999992847333485,7.152666514631534e-07,True,"[127, 128]",True,,
,,,,,,,0.1,global_fidelity,3.0637254901960675e-05,True,1.0,0.0,,,0.007843137254901933,1.0,0.0,128,128,True,128,True,256,,,104,0.9999992847333485,7.152666514631534e-07,True,"[127, 128]",True,,
,,,,,,,0.1,global_fidelity,3.0637254901960675e-05,True,1.0,0.0,,,0.007843137254901933,1.0,0.0,128,128,True,128,True,256,,,105,0.9999992847333485,7.152666514631534e-07,True,"[127, 128]",True,,
,,,,,,,0.01,global_fidelity,3.0637254901960675e-05,True,1.0,0.0,,,0.007843137254901933,1.0,0.0,128,128,True,128,True,256,,,101,0.9999992847333485,7.152666514631534e-07,True,"[127, 128]",True,,
,,,,,,,0.01,global_fidelity,3.0637254901960675e-05,True,1.0,0.0,,,0.007843137254901933,1.0,0.0,128,128,True,128,True,256,,,102,0.9999992847333485,7.152666514631534e-07,True,"[127, 128]",True,,
,,,,,,,0.01,global_fidelity,3.0637254901960675e-05,True,1.0,0.0,,,0.007843137254901933,1.0,0.0,128,128,True,128,True,256,,,103,0.9999992847333485,7.152666514631534e-07,True,"[127, 128]",True,,
,,,,,,,0.01,global_fidelity,3.0637254901960675e-05,True,1.0,0.0,,,0.007843137254901933,1.0,0.0,128,128,True,128,True,256,,,104,0.9999992847333485,7.152666514631534e-07,True,"[127, 128]",True,,
,,,,,,,0.01,global_fidelity,3.0637254901960675e-05,True,1.0,0.0,,,0.007843137254901933,1.0,0.0,128,128,True,128,True,256,,,105,0.9999992847333485,7.152666514631534e-07,True,"[127, 128]",True,,
,,,,,,,0.001,global_fidelity,3.0637254901960675e-05,True,1.0,0.0,,,0.007843137254901933,1.0,0.0,128,128,True,128,True,256,,,101,0.9999992847333485,7.152666514631534e-07,True,"[127, 128]",True,,
,,,,,,,0.001,global_fidelity,3.0637254901960675e-05,True,1.0,0.0,,,0.007843137254901933,1.0,0.0,128,128,True,128,True,256,,,102,0.9999992847333485,7.152666514631534e-07,True,"[127, 128]",True,,
,,,,,,,0.001,global_fidelity,3.0637254901960675e-05,True,1.0,0.0,,,0.007843137254901933,1.0,0.0,128,128,True,128,True,256,,,103,0.9999992847333485,7.152666514631534e-07,True,"[127, 128]",True,,
,,,,,,,0.001,global_fidelity,3.0637254901960675e-05,True,1.0,0.0,,,0.007843137254901933,1.0,0.0,128,128,True,128,True,256,,,104,0.9999992847333485,7.152666514631534e-07,True,"[127, 128]",True,,
,,,,,,,0.001,global_fidelity,3.0637254901960675e-05,True,1.0,0.0,,,0.007843137254901933,1.0,0.0,128,128,True,128,True,256,,,105,0.9999992847333485,7.152666514631534e-07,True,"[127, 128]",True,,
,,,,,,,0.1,global_fidelity,7.644324853228962e-06,True,1.0,0.0,,,0.003913894324853229,1.0,0.0,128,128,True,128,True,512,,,101,0.9999999105926918,8.94073082235991e-08,True,"[255, 256]",True,,
,,,,,,,0.1,global_fidelity,7.644324853228962e-06,True,1.0,0.0,,,0.003913894324853229,1.0,0.0,128,128,True,128,True,512,,,102,0.9999999105926918,8.94073082235991e-08,True,"[255, 256]",True,,
,,,,,,,0.1,global_fidelity,7.644324853228962e-06,True,1.0,0.0,,,0.003913894324853229,1.0,0.0,128,128,True,128,True,512,,,103,0.9999999105926918,8.94073082235991e-08,True,"[255, 256]",True,,
,,,,,,,0.1,global_fidelity,7.644324853228962e-06,True,1.0,0.0,,,0.003913894324853229,1.0,0.0,128,128,True,128,True,512,,,104,0.9999999105926918,8.94073082235991e-08,True,"[255, 256]",True,,
,,,,,,,0.1,global_fidelity,7.644324853228962e-06,True,1.0,0.0,,,0.003913894324853229,1.0,0.0,128,128,True,128,True,512,,,105,0.9999999105926918,8.94073082235991e-08,True,"[255, 256]",True,,
,,,,,,,0.01,global_fidelity,7.644324853228962e-06,True,1.0,0.0,,,0.003913894324853229,1.0,0.0,128,128,True,128,True,512,,,101,0.9999999105926918,8.94073082235991e-08,True,"[255, 256]",True,,
,,,,,,,0.01,global_fidelity,7.644324853228962e-06,True,1.0,0.0,,,0.003913894324853229,1.0,0.0,128,128,True,128,True,512,,,102,0.9999999105926918,8.94073082235991e-08,True,"[255, 256]",True,,
,,,,,,,0.01,global_fidelity,7.644324853228962e-06,True,1.0,0.0,,,0.003913894324853229,1.0,0.0,128,128,True,128,True,512,,,103,0.9999999105926918,8.94073082235991e-08,True,"[255, 256]",True,,
,,,,,,,0.01,global_fidelity,7.644324853228962e-06,True,1.0,0.0,,,0.003913894324853229,1.0,0.0,128,128,True,128,True,512,,,104,0.9999999105926918,8.94073082235991e-08,True,"[255, 256]",True,,
,,,,,,,0.01,global_fidelity,7.644324853228962e-06,True,1.0,0.0,,,0.003913894324853229,1.0,0.0,128,128,True,128,True,512,,,105,0.9999999105926918,8.94073082235991e-08,True,"[255, 256]",True,,
,,,,,,,0.001,global_fidelity,7.644324853228962e-06,True,1.0,0.0,,,0.003913894324853229,1.0,0.0,128,128,True,128,True,512,,,101,0.9999999105926918,8.94073082235991e-08,True,"[255, 256]",True,,
,,,,,,,0.001,global_fidelity,7.644324853228962e-06,True,1.0,0.0,,,0.003913894324853229,1.0,0.0,128,128,True,128,True,512,,,102,0.9999999105926918,8.94073082235991e-08,True,"[255, 256]",True,,
,,,,,,,0.001,global_fidelity,7.644324853228962e-06,True,1.0,0.0,,,0.003913894324853229,1.0,0.0,128,128,True,128,True,512,,,103,0.9999999105926918,8.94073082235991e-08,True,"[255, 256]",True,,
,,,,,,,0.001,global_fidelity,7.644324853228962e-06,True,1.0,0.0,,,0.003913894324853229,1.0,0.0,128,128,True,128,True,512,,,104,0.9999999105926918,8.94073082235991e-08,True,"[255, 256]",True,,
,,,,,,,0.001,global_fidelity,7.644324853228962e-06,True,1.0,0.0,,,0.003913894324853229,1.0,0.0,128,128,True,128,True,512,,,105,0.9999999105926918,8.94073082235991e-08,True,"[255, 256]",True,,
,,,,,,,0.1,global_fidelity,1.909213098729226e-06,True,1.0,0.0,,,0.0019550342130987275,1.0,0.0,128,128,True,128,True,1024,,,101,0.9999999888241182,1.1175881775571384e-08,True,"[511, 512]",True,,
,,,,,,,0.1,global_fidelity,1.909213098729226e-06,True,1.0,0.0,,,0.0019550342130987275,1.0,0.0,128,128,True,128,True,1024,,,102,0.9999999888241182,1.1175881775571384e-08,True,"[511, 512]",True,,
,,,,,,,0.1,global_fidelity,1.909213098729226e-06,True,1.0,0.0,,,0.0019550342130987275,1.0,0.0,128,128,True,128,True,1024,,,103,0.9999999888241182,1.1175881775571384e-08,True,"[511, 512]",True,,
,,,,,,,0.1,global_fidelity,1.909213098729226e-06,True,1.0,0.0,,,0.0019550342130987275,1.0,0.0,128,128,True,128,True,1024,,,104,0.9999999888241182,1.1175881775571384e-08,True,"[511, 512]",True,,
,,,,,,,0.1,global_fidelity,1.909213098729226e-06,True,1.0,0.0,,,0.0019550342130987275,1.0,0.0,128,128,True,128,True,1024,,,105,0.9999999888241182,1.1175881775571384e-08,True,"[511, 512]",True,,
,,,,,,,0.01,global_fidelity,1.909213098729226e-06,True,1.0,0.0,,,0.0019550342130987275,1.0,0.0,128,128,True,128,True,1024,,,101,0.9999999888241182,1.1175881775571384e-08,True,"[511, 512]",True,,
,,,,,,,0.01,global_fidelity,1.909213098729226e-06,True,1.0,0.0,,,0.0019550342130987275,1.0,0.0,128,128,True,128,True,1024,,,102,0.9999999888241182,1.1175881775571384e-08,True,"[511, 512]",True,,
,,,,,,,0.01,global_fidelity,1.909213098729226e-06,True,1.0,0.0,,,0.0019550342130987275,1.0,0.0,128,128,True,128,True,1024,,,103,0.9999999888241182,1.1175881775571384e-08,True,"[511, 512]",True,,
,,,,,,,0.01,global_fidelity,1.909213098729226e-06,True,1.0,0.0,,,0.0019550342130987275,1.0,0.0,128,128,True,128,True,1024,,,104,0.9999999888241182,1.1175881775571384e-08,True,"[511, 512]",True,,
,,,,,,,0.01,global_fidelity,1.909213098729226e-06,True,1.0,0.0,,,0.0019550342130987275,1.0,0.0,128,128,True,128,True,1024,,,105,0.9999999888241182,1.1175881775571384e-08,True,"[511, 512]",True,,
,,,,,,,0.001,global_fidelity,1.909213098729226e-06,True,1.0,0.0,,,0.0019550342130987275,1.0,0.0,128,128,True,128,True,1024,,,101,0.9999999888241182,1.1175881775571384e-08,True,"[511, 512]",True,,
,,,,,,,0.001,global_fidelity,1.909213098729226e-06,True,1.0,0.0,,,0.0019550342130987275,1.0,0.0,128,128,True,128,True,1024,,,102,0.9999999888241182,1.1175881775571384e-08,True,"[511, 512]",True,,
,,,,,,,0.001,global_fidelity,1.909213098729226e-06,True,1.0,0.0,,,0.0019550342130987275,1.0,0.0,128,128,True,128,True,1024,,,103,0.9999999888241182,1.1175881775571384e-08,True,"[511, 512]",True,,
,,,,,,,0.001,global_fidelity,1.909213098729226e-06,True,1.0,0.0,,,0.0019550342130987275,1.0,0.0,128,128,True,128,True,1024,,,104,0.9999999888241182,1.1175881775571384e-08,True,"[511, 512]",True,,
,,,,,,,0.001,global_fidelity,1.909213098729226e-06,True,1.0,0.0,,,0.0019550342130987275,1.0,0.0,128,128,True,128,True,1024,,,105,0.9999999888241182,1.1175881775571384e-08,True,"[511, 512]",True,,
0.0,True,0.0,0.0,0.21000000000000002,0.010000000000000009,0.010000000000000009,,response_footprint,,,,,0.2,0.0,,,,,,,,,,0.0,0.0,101,,,,,,0.01,1.7
0.0,True,0.0,0.0,0.21000000000000002,0.010000000000000009,0.010000000000000009,,response_footprint,,,,,0.2,0.0,,,,,,,,,,0.0,0.0,102,,,,,,0.01,1.7
0.0,True,0.0,0.0,0.21000000000000002,0.010000000000000009,0.010000000000000009,,response_footprint,,,,,0.2,0.0,,,,,,,,,,0.0,0.0,103,,,,,,0.01,1.7
0.0,True,0.0,0.0,0.21000000000000002,0.010000000000000009,0.010000000000000009,,response_footprint,,,,,0.2,0.0,,,,,,,,,,0.0,0.0,104,,,,,,0.01,1.7
0.0,True,0.0,0.0,0.21000000000000002,0.010000000000000009,0.010000000000000009,,response_footprint,,,,,0.2,0.0,,,,,,,,,,0.0,0.0,105,,,,,,0.01,1.7
0.0,True,0.0,0.0,0.225,0.024999999999999994,0.024999999999999994,,response_footprint,,,,,0.2,0.0,,,,,,,,,,0.0,0.0,101,,,,,,0.025,1.7
0.0,True,0.0,0.0,0.225,0.024999999999999994,0.024999999999999994,,response_footprint,,,,,0.2,0.0,,,,,,,,,,0.0,0.0,102,,,,,,0.025,1.7
0.0,True,0.0,0.0,0.225,0.024999999999999994,0.024999999999999994,,response_footprint,,,,,0.2,0.0,,,,,,,,,,0.0,0.0,103,,,,,,0.025,1.7
0.0,True,0.0,0.0,0.225,0.024999999999999994,0.024999999999999994,,response_footprint,,,,,0.2,0.0,,,,,,,,,,0.0,0.0,104,,,,,,0.025,1.7
0.0,True,0.0,0.0,0.225,0.024999999999999994,0.024999999999999994,,response_footprint,,,,,0.2,0.0,,,,,,,,,,0.0,0.0,105,,,,,,0.025,1.7
0.0,True,0.0,0.0,0.25,0.04999999999999999,0.04999999999999999,,response_footprint,,,,,0.2,0.0,,,,,,,,,,0.0,0.0,101,,,,,,0.05,1.7
0.0,True,0.0,0.0,0.25,0.04999999999999999,0.04999999999999999,,response_footprint,,,,,0.2,0.0,,,,,,,,,,0.0,0.0,102,,,,,,0.05,1.7
0.0,True,0.0,0.0,0.25,0.04999999999999999,0.04999999999999999,,response_footprint,,,,,0.2,0.0,,,,,,,,,,0.0,0.0,103,,,,,,0.05,1.7
0.0,True,0.0,0.0,0.25,0.04999999999999999,0.04999999999999999,,response_footprint,,,,,0.2,0.0,,,,,,,,,,0.0,0.0,104,,,,,,0.05,1.7
0.0,True,0.0,0.0,0.25,0.04999999999999999,0.04999999999999999,,response_footprint,,,,,0.2,0.0,,,,,,,,,,0.0,0.0,105,,,,,,0.05,1.7
0.0,True,0.0,0.0,0.30000000000000004,0.10000000000000003,0.10000000000000003,,response_footprint,,,,,0.2,0.0,,,,,,,,,,0.0,0.0,101,,,,,,0.1,1.7
0.0,True,0.0,0.0,0.30000000000000004,0.10000000000000003,0.10000000000000003,,response_footprint,,,,,0.2,0.0,,,,,,,,,,0.0,0.0,102,,,,,,0.1,1.7
0.0,True,0.0,0.0,0.30000000000000004,0.10000000000000003,0.10000000000000003,,response_footprint,,,,,0.2,0.0,,,,,,,,,,0.0,0.0,103,,,,,,0.1,1.7
0.0,True,0.0,0.0,0.30000000000000004,0.10000000000000003,0.10000000000000003,,response_footprint,,,,,0.2,0.0,,,,,,,,,,0.0,0.0,104,,,,,,0.1,1.7
0.0,True,0.0,0.0,0.30000000000000004,0.10000000000000003,0.10000000000000003,,response_footprint,,,,,0.2,0.0,,,,,,,,,,0.0,0.0,105,,,,,,0.1,1.7
0.0,True,0.0,0.0,0.4,0.2,0.2,,response_footprint,,,,,0.2,0.0,,,,,,,,,,0.0,0.0,101,,,,,,0.2,1.7
0.0,True,0.0,0.0,0.4,0.2,0.2,,response_footprint,,,,,0.2,0.0,,,,,,,,,,0.0,0.0,102,,,,,,0.2,1.7
0.0,True,0.0,0.0,0.4,0.2,0.2,,response_footprint,,,,,0.2,0.0,,,,,,,,,,0.0,0.0,103,,,,,,0.2,1.7
0.0,True,0.0,0.0,0.4,0.2,0.2,,response_footprint,,,,,0.2,0.0,,,,,,,,,,0.0,0.0,104,,,,,,0.2,1.7
0.0,True,0.0,0.0,0.4,0.2,0.2,,response_footprint,,,,,0.2,0.0,,,,,,,,,,0.0,0.0,105,,,,,,0.2,1.7
0.0,True,0.0,0.0,0.6000000000000001,0.4000000000000001,0.4000000000000001,,response_footprint,,,,,0.2,0.0,,,,,,,,,,0.0,0.0,101,,,,,,0.4,1.7
0.0,True,0.0,0.0,0.6000000000000001,0.4000000000000001,0.4000000000000001,,response_footprint,,,,,0.2,0.0,,,,,,,,,,0.0,0.0,102,,,,,,0.4,1.7
0.0,True,0.0,0.0,0.6000000000000001,0.4000000000000001,0.4000000000000001,,response_footprint,,,,,0.2,0.0,,,,,,,,,,0.0,0.0,103,,,,,,0.4,1.7
0.0,True,0.0,0.0,0.6000000000000001,0.4000000000000001,0.4000000000000001,,response_footprint,,,,,0.2,0.0,,,,,,,,,,0.0,0.0,104,,,,,,0.4,1.7
0.0,True,0.0,0.0,0.6000000000000001,0.4000000000000001,0.4000000000000001,,response_footprint,,,,,0.2,0.0,,,,,,,,,,0.0,0.0,105,,,,,,0.4,1.7
0.0017000000000000014,True,1.0000000000000033,-5.637851296924623e-18,0.21000000000000002,0.008300000000000002,0.010000000000000009,,response_footprint,,,,,0.2,0.001700000000000007,,,,,,,,,,0.0010000000000000009,0.1,101,,,,,,0.01,1.7
0.0017000000000000014,True,1.0000000000000033,-5.637851296924623e-18,0.21000000000000002,0.008300000000000002,0.010000000000000009,,response_footprint,,,,,0.2,0.001700000000000007,,,,,,,,,,0.0010000000000000009,0.1,102,,,,,,0.01,1.7
0.0017000000000000014,True,1.0000000000000033,-5.637851296924623e-18,0.21000000000000002,0.008300000000000002,0.010000000000000009,,response_footprint,,,,,0.2,0.001700000000000007,,,,,,,,,,0.0010000000000000009,0.1,103,,,,,,0.01,1.7
0.0017000000000000014,True,1.0000000000000033,-5.637851296924623e-18,0.21000000000000002,0.008300000000000002,0.010000000000000009,,response_footprint,,,,,0.2,0.001700000000000007,,,,,,,,,,0.0010000000000000009,0.1,104,,,,,,0.01,1.7
0.0017000000000000014,True,1.0000000000000033,-5.637851296924623e-18,0.21000000000000002,0.008300000000000002,0.010000000000000009,,response_footprint,,,,,0.2,0.001700000000000007,,,,,,,,,,0.0010000000000000009,0.1,105,,,,,,0.01,1.7
0.004249999999999998,True,1.0000000000000013,-6.071532165918825e-18,0.225,0.02074999999999999,0.024999999999999994,,response_footprint,,,,,0.2,0.004250000000000004,,,,,,,,,,0.0024999999999999988,0.1,101,,,,,,0.025,1.7
0.004249999999999998,True,1.0000000000000013,-6.071532165918825e-18,0.225,0.02074999999999999,0.024999999999999994,,response_footprint,,,,,0.2,0.004250000000000004,,,,,,,,,,0.0024999999999999988,0.1,102,,,,,,0.025,1.7
0.004249999999999998,True,1.0000000000000013,-6.071532165918825e-18,0.225,0.02074999999999999,0.024999999999999994,,response_footprint,,,,,0.2,0.004250000000000004,,,,,,,,,,0.0024999999999999988,0.1,103,,,,,,0.025,1.7
0.004249999999999998,True,1.0000000000000013,-6.071532165918825e-18,0.225,0.02074999999999999,0.024999999999999994,,response_footprint,,,,,0.2,0.004250000000000004,,,,,,,,,,0.0024999999999999988,0.1,104,,,,,,0.025,1.7
0.004249999999999998,True,1.0000000000000013,-6.071532165918825e-18,0.225,0.02074999999999999,0.024999999999999994,,response_footprint,,,,,0.2,0.004250000000000004,,,,,,,,,,0.0024999999999999988,0.1,105,,,,,,0.025,1.7
0.008499999999999995,True,1.0000000000000013,-1.214306433183765e-17,0.25,0.04149999999999998,0.04999999999999999,,response_footprint,,,,,0.2,0.008500000000000008,,,,,,,,,,0.0049999999999999975,0.1,101,,,,,,0.05,1.7
0.008499999999999995,True,1.0000000000000013,-1.214306433183765e-17,0.25,0.04149999999999998,0.04999999999999999,,response_footprint,,,,,0.2,0.008500000000000008,,,,,,,,,,0.0049999999999999975,0.1,102,,,,,,0.05,1.7
0.008499999999999995,True,1.0000000000000013,-1.214306433183765e-17,0.25,0.04149999999999998,0.04999999999999999,,response_footprint,,,,,0.2,0.008500000000000008,,,,,,,,,,0.0049999999999999975,0.1,103,,,,,,0.05,1.7
0.008499999999999995,True,1.0000000000000013,-1.214306433183765e-17,0.25,0.04149999999999998,0.04999999999999999,,response_footprint,,,,,0.2,0.008500000000000008,,,,,,,,,,0.0049999999999999975,0.1,104,,,,,,0.05,1.7
0.008499999999999995,True,1.0000000000000013,-1.214306433183765e-17,0.25,0.04149999999999998,0.04999999999999999,,response_footprint,,,,,0.2,0.008500000000000008,,,,,,,,,,0.0049999999999999975,0.1,105,,,,,,0.05,1.7
0.017,True,1.0000000000000009,-1.3877787807814457e-17,0.30000000000000004,0.08300000000000002,0.10000000000000003,,response_footprint,,,,,0.2,0.017000000000000015,,,,,,,,,,0.010000000000000002,0.1,101,,,,,,0.1,1.7
0.017,True,1.0000000000000009,-1.3877787807814457e-17,0.30000000000000004,0.08300000000000002,0.10000000000000003,,response_footprint,,,,,0.2,0.017000000000000015,,,,,,,,,,0.010000000000000002,0.1,102,,,,,,0.1,1.7
0.017,True,1.0000000000000009,-1.3877787807814457e-17,0.30000000000000004,0.08300000000000002,0.10000000000000003,,response_footprint,,,,,0.2,0.017000000000000015,,,,,,,,,,0.010000000000000002,0.1,103,,,,,,0.1,1.7
0.017,True,1.0000000000000009,-1.3877787807814457e-17,0.30000000000000004,0.08300000000000002,0.10000000000000003,,response_footprint,,,,,0.2,0.017000000000000015,,,,,,,,,,0.010000000000000002,0.1,104,,,,,,0.1,1.7
0.017,True,1.0000000000000009,-1.3877787807814457e-17,0.30000000000000004,0.08300000000000002,0.10000000000000003,,response_footprint,,,,,0.2,0.017000000000000015,,,,,,,,,,0.010000000000000002,0.1,105,,,,,,0.1,1.7
0.034,True,1.0,0.0,0.4,0.166,0.2,,response_footprint,,,,,0.2,0.034,,,,,,,,,,0.020000000000000004,0.1,101,,,,,,0.2,1.7
0.034,True,1.0,0.0,0.4,0.166,0.2,,response_footprint,,,,,0.2,0.034,,,,,,,,,,0.020000000000000004,0.1,102,,,,,,0.2,1.7
0.034,True,1.0,0.0,0.4,0.166,0.2,,response_footprint,,,,,0.2,0.034,,,,,,,,,,0.020000000000000004,0.1,103,,,,,,0.2,1.7
0.034,True,1.0,0.0,0.4,0.166,0.2,,response_footprint,,,,,0.2,0.034,,,,,,,,,,0.020000000000000004,0.1,104,,,,,,0.2,1.7
0.034,True,1.0,0.0,0.4,0.166,0.2,,response_footprint,,,,,0.2,0.034,,,,,,,,,,0.020000000000000004,0.1,105,,,,,,0.2,1.7
0.068,True,1.0,0.0,0.6000000000000001,0.3320000000000001,0.4000000000000001,,response_footprint,,,,,0.2,0.068,,,,,,,,,,0.04000000000000001,0.1,101,,,,,,0.4,1.7
0.068,True,1.0,0.0,0.6000000000000001,0.3320000000000001,0.4000000000000001,,response_footprint,,,,,0.2,0.068,,,,,,,,,,0.04000000000000001,0.1,102,,,,,,0.4,1.7
0.068,True,1.0,0.0,0.6000000000000001,0.3320000000000001,0.4000000000000001,,response_footprint,,,,,0.2,0.068,,,,,,,,,,0.04000000000000001,0.1,103,,,,,,0.4,1.7
0.068,True,1.0,0.0,0.6000000000000001,0.3320000000000001,0.4000000000000001,,response_footprint,,,,,0.2,0.068,,,,,,,,,,0.04000000000000001,0.1,104,,,,,,0.4,1.7
0.068,True,1.0,0.0,0.6000000000000001,0.3320000000000001,0.4000000000000001,,response_footprint,,,,,0.2,0.068,,,,,,,,,,0.04000000000000001,0.1,105,,,,,,0.4,1.7
0.004250000000000004,True,1.0,0.0,0.21000000000000002,0.005750000000000005,0.010000000000000009,,response_footprint,,,,,0.2,0.004250000000000004,,,,,,,,,,0.0025000000000000022,0.25,101,,,,,,0.01,1.7
0.004250000000000004,True,1.0,0.0,0.21000000000000002,0.005750000000000005,0.010000000000000009,,response_footprint,,,,,0.2,0.004250000000000004,,,,,,,,,,0.0025000000000000022,0.25,102,,,,,,0.01,1.7
0.004250000000000004,True,1.0,0.0,0.21000000000000002,0.005750000000000005,0.010000000000000009,,response_footprint,,,,,0.2,0.004250000000000004,,,,,,,,,,0.0025000000000000022,0.25,103,,,,,,0.01,1.7
0.004250000000000004,True,1.0,0.0,0.21000000000000002,0.005750000000000005,0.010000000000000009,,response_footprint,,,,,0.2,0.004250000000000004,,,,,,,,,,0.0025000000000000022,0.25,104,,,,,,0.01,1.7
0.004250000000000004,True,1.0,0.0,0.21000000000000002,0.005750000000000005,0.010000000000000009,,response_footprint,,,,,0.2,0.004250000000000004,,,,,,,,,,0.0025000000000000022,0.25,105,,,,,,0.01,1.7
0.010624999999999997,True,0.9999999999999986,1.5612511283791264e-17,0.225,0.014375000000000013,0.024999999999999994,,response_footprint,,,,,0.2,0.010624999999999982,,,,,,,,,,0.006249999999999999,0.25,101,,,,,,0.025,1.7
0.010624999999999997,True,0.9999999999999986,1.5612511283791264e-17,0.225,0.014375000000000013,0.024999999999999994,,response_footprint,,,,,0.2,0.010624999999999982,,,,,,,,,,0.006249999999999999,0.25,102,,,,,,0.025,1.7
0.010624999999999997,True,0.9999999999999986,1.5612511283791264e-17,0.225,0.014375000000000013,0.024999999999999994,,response_footprint,,,,,0.2,0.010624999999999982,,,,,,,,,,0.006249999999999999,0.25,103,,,,,,0.025,1.7
0.010624999999999997,True,0.9999999999999986,1.5612511283791264e-17,0.225,0.014375000000000013,0.024999999999999994,,response_footprint,,,,,0.2,0.010624999999999982,,,,,,,,,,0.006249999999999999,0.25,104,,,,,,0.025,1.7
0.010624999999999997,True,0.9999999999999986,1.5612511283791264e-17,0.225,0.014375000000000013,0.024999999999999994,,response_footprint,,,,,0.2,0.010624999999999982,,,,,,,,,,0.006249999999999999,0.25,105,,,,,,0.025,1.7
0.021249999999999995,True,1.0000000000000004,-1.0408340855860843e-17,0.25,0.028749999999999984,0.04999999999999999,,response_footprint,,,,,0.2,0.021250000000000005,,,,,,,,,,0.012499999999999997,0.25,101,,,,,,0.05,1.7
0.021249999999999995,True,1.0000000000000004,-1.0408340855860843e-17,0.25,0.028749999999999984,0.04999999999999999,,response_footprint,,,,,0.2,0.021250000000000005,,,,,,,,,,0.012499999999999997,0.25,102,,,,,,0.05,1.7
0.021249999999999995,True,1.0000000000000004,-1.0408340855860843e-17,0.25,0.028749999999999984,0.04999999999999999,,response_footprint,,,,,0.2,0.021250000000000005,,,,,,,,,,0.012499999999999997,0.25,103,,,,,,0.05,1.7
0.021249999999999995,True,1.0000000000000004,-1.0408340855860843e-17,0.25,0.028749999999999984,0.04999999999999999,,response_footprint,,,,,0.2,0.021250000000000005,,,,,,,,,,0.012499999999999997,0.25,104,,,,,,0.05,1.7
0.021249999999999995,True,1.0000000000000004,-1.0408340855860843e-17,0.25,0.028749999999999984,0.04999999999999999,,response_footprint,,,,,0.2,0.021250000000000005,,,,,,,,,,0.012499999999999997,0.25,105,,,,,,0.05,1.7
0.04250000000000001,True,0.9999999999999997,1.3877787807814457e-17,0.30000000000000004,0.05750000000000004,0.10000000000000003,,response_footprint,,,,,0.2,0.042499999999999996,,,,,,,,,,0.02500000000000001,0.25,101,,,,,,0.1,1.7
0.04250000000000001,True,0.9999999999999997,1.3877787807814457e-17,0.30000000000000004,0.05750000000000004,0.10000000000000003,,response_footprint,,,,,0.2,0.042499999999999996,,,,,,,,,,0.02500000000000001,0.25,102,,,,,,0.1,1.7
0.04250000000000001,True,0.9999999999999997,1.3877787807814457e-17,0.30000000000000004,0.05750000000000004,0.10000000000000003,,response_footprint,,,,,0.2,0.042499999999999996,,,,,,,,,,0.02500000000000001,0.25,103,,,,,,0.1,1.7
0.04250000000000001,True,0.9999999999999997,1.3877787807814457e-17,0.30000000000000004,0.05750000000000004,0.10000000000000003,,response_footprint,,,,,0.2,0.042499999999999996,,,,,,,,,,0.02500000000000001,0.25,104,,,,,,0.1,1.7
0.04250000000000001,True,0.9999999999999997,1.3877787807814457e-17,0.30000000000000004,0.05750000000000004,0.10000000000000003,,response_footprint,,,,,0.2,0.042499999999999996,,,,,,,,,,0.02500000000000001,0.25,105,,,,,,0.1,1.7
0.085,True,1.0,0.0,0.4,0.115,0.2,,response_footprint,,,,,0.2,0.085,,,,,,,,,,0.05,0.25,101,,,,,,0.2,1.7
0.085,True,1.0,0.0,0.4,0.115,0.2,,response_footprint,,,,,0.2,0.085,,,,,,,,,,0.05,0.25,102,,,,,,0.2,1.7
0.085,True,1.0,0.0,0.4,0.115,0.2,,response_footprint,,,,,0.2,0.085,,,,,,,,,,0.05,0.25,103,,,,,,0.2,1.7
0.085,True,1.0,0.0,0.4,0.115,0.2,,response_footprint,,,,,0.2,0.085,,,,,,,,,,0.05,0.25,104,,,,,,0.2,1.7
0.085,True,1.0,0.0,0.4,0.115,0.2,,response_footprint,,,,,0.2,0.085,,,,,,,,,,0.05,0.25,105,,,,,,0.2,1.7
0.17000000000000004,True,0.9999999999999997,5.551115123125783e-17,0.6000000000000001,0.2300000000000001,0.4000000000000001,,response_footprint,,,,,0.2,0.16999999999999998,,,,,,,,,,0.10000000000000002,0.25,101,,,,,,0.4,1.7
0.17000000000000004,True,0.9999999999999997,5.551115123125783e-17,0.6000000000000001,0.2300000000000001,0.4000000000000001,,response_footprint,,,,,0.2,0.16999999999999998,,,,,,,,,,0.10000000000000002,0.25,102,,,,,,0.4,1.7
0.17000000000000004,True,0.9999999999999997,5.551115123125783e-17,0.6000000000000001,0.2300000000000001,0.4000000000000001,,response_footprint,,,,,0.2,0.16999999999999998,,,,,,,,,,0.10000000000000002,0.25,103,,,,,,0.4,1.7
0.17000000000000004,True,0.9999999999999997,5.551115123125783e-17,0.6000000000000001,0.2300000000000001,0.4000000000000001,,response_footprint,,,,,0.2,0.16999999999999998,,,,,,,,,,0.10000000000000002,0.25,104,,,,,,0.4,1.7
0.17000000000000004,True,0.9999999999999997,5.551115123125783e-17,0.6000000000000001,0.2300000000000001,0.4000000000000001,,response_footprint,,,,,0.2,0.16999999999999998,,,,,,,,,,0.10000000000000002,0.25,105,,,,,,0.4,1.7
0.008500000000000008,True,1.0,0.0,0.21000000000000002,0.0015000000000000013,0.010000000000000009,,response_footprint,,,,,0.2,0.008500000000000008,,,,,,,,,,0.0050000000000000044,0.5,101,,,,,,0.01,1.7
0.008500000000000008,True,1.0,0.0,0.21000000000000002,0.0015000000000000013,0.010000000000000009,,response_footprint,,,,,0.2,0.008500000000000008,,,,,,,,,,0.0050000000000000044,0.5,102,,,,,,0.01,1.7
0.008500000000000008,True,1.0,0.0,0.21000000000000002,0.0015000000000000013,0.010000000000000009,,response_footprint,,,,,0.2,0.008500000000000008,,,,,,,,,,0.0050000000000000044,0.5,103,,,,,,0.01,1.7
0.008500000000000008,True,1.0,0.0,0.21000000000000002,0.0015000000000000013,0.010000000000000009,,response_footprint,,,,,0.2,0.008500000000000008,,,,,,,,,,0.0050000000000000044,0.5,104,,,,,,0.01,1.7
0.008500000000000008,True,1.0,0.0,0.21000000000000002,0.0015000000000000013,0.010000000000000009,,response_footprint,,,,,0.2,0.008500000000000008,,,,,,,,,,0.0050000000000000044,0.5,105,,,,,,0.01,1.7
0.021249999999999995,True,0.9999999999999999,3.469446951953614e-18,0.225,0.0037500000000000033,0.024999999999999994,,response_footprint,,,,,0.2,0.02124999999999999,,,,,,,,,,0.012499999999999997,0.5,101,,,,,,0.025,1.7
0.021249999999999995,True,0.9999999999999999,3.469446951953614e-18,0.225,0.0037500000000000033,0.024999999999999994,,response_footprint,,,,,0.2,0.02124999999999999,,,,,,,,,,0.012499999999999997,0.5,102,,,,,,0.025,1.7
0.021249999999999995,True,0.9999999999999999,3.469446951953614e-18,0.225,0.0037500000000000033,0.024999999999999994,,response_footprint,,,,,0.2,0.02124999999999999,,,,,,,,,,0.012499999999999997,0.5,103,,,,,,0.025,1.7
0.021249999999999995,True,0.9999999999999999,3.469446951953614e-18,0.225,0.0037500000000000033,0.024999999999999994,,response_footprint,,,,,0.2,0.02124999999999999,,,,,,,,,,0.012499999999999997,0.5,104,,,,,,0.025,1.7
0.021249999999999995,True,0.9999999999999999,3.469446951953614e-18,0.225,0.0037500000000000033,0.024999999999999994,,response_footprint,,,,,0.2,0.02124999999999999,,,,,,,,,,0.012499999999999997,0.5,105,,,,,,0.025,1.7
0.04249999999999999,True,0.9999999999999999,6.938893903907228e-18,0.25,0.007500000000000007,0.04999999999999999,,response_footprint,,,,,0.2,0.04249999999999998,,,,,,,,,,0.024999999999999994,0.5,101,,,,,,0.05,1.7
0.04249999999999999,True,0.9999999999999999,6.938893903907228e-18,0.25,0.007500000000000007,0.04999999999999999,,response_footprint,,,,,0.2,0.04249999999999998,,,,,,,,,,0.024999999999999994,0.5,102,,,,,,0.05,1.7
0.04249999999999999,True,0.9999999999999999,6.938893903907228e-18,0.25,0.007500000000000007,0.04999999999999999,,response_footprint,,,,,0.2,0.04249999999999998,,,,,,,,,,0.024999999999999994,0.5,103,,,,,,0.05,1.7
0.04249999999999999,True,0.9999999999999999,6.938893903907228e-18,0.25,0.007500000000000007,0.04999999999999999,,response_footprint,,,,,0.2,0.04249999999999998,,,,,,,,,,0.024999999999999994,0.5,104,,,,,,0.05,1.7
0.04249999999999999,True,0.9999999999999999,6.938893903907228e-18,0.25,0.007500000000000007,0.04999999999999999,,response_footprint,,,,,0.2,0.04249999999999998,,,,,,,,,,0.024999999999999994,0.5,105,,,,,,0.05,1.7
0.08500000000000002,True,0.9999999999999997,2.7755575615628914e-17,0.30000000000000004,0.015000000000000041,0.10000000000000003,,response_footprint,,,,,0.2,0.08499999999999999,,,,,,,,,,0.05000000000000002,0.5,101,,,,,,0.1,1.7
0.08500000000000002,True,0.9999999999999997,2.7755575615628914e-17,0.30000000000000004,0.015000000000000041,0.10000000000000003,,response_footprint,,,,,0.2,0.08499999999999999,,,,,,,,,,0.05000000000000002,0.5,102,,,,,,0.1,1.7
0.08500000000000002,True,0.9999999999999997,2.7755575615628914e-17,0.30000000000000004,0.015000000000000041,0.10000000000000003,,response_footprint,,,,,0.2,0.08499999999999999,,,,,,,,,,0.05000000000000002,0.5,103,,,,,,0.1,1.7
0.08500000000000002,True,0.9999999999999997,2.7755575615628914e-17,0.30000000000000004,0.015000000000000041,0.10000000000000003,,response_footprint,,,,,0.2,0.08499999999999999,,,,,,,,,,0.05000000000000002,0.5,104,,,,,,0.1,1.7
0.08500000000000002,True,0.9999999999999997,2.7755575615628914e-17,0.30000000000000004,0.015000000000000041,0.10000000000000003,,response_footprint,,,,,0.2,0.08499999999999999,,,,,,,,,,0.05000000000000002,0.5,105,,,,,,0.1,1.7
0.17,True,1.0,0.0,0.4,0.03,0.2,,response_footprint,,,,,0.2,0.17,,,,,,,,,,0.1,0.5,101,,,,,,0.2,1.7
0.17,True,1.0,0.0,0.4,0.03,0.2,,response_footprint,,,,,0.2,0.17,,,,,,,,,,0.1,0.5,102,,,,,,0.2,1.7
0.17,True,1.0,0.0,0.4,0.03,0.2,,response_footprint,,,,,0.2,0.17,,,,,,,,,,0.1,0.5,103,,,,,,0.2,1.7
0.17,True,1.0,0.0,0.4,0.03,0.2,,response_footprint,,,,,0.2,0.17,,,,,,,,,,0.1,0.5,104,,,,,,0.2,1.7
0.17,True,1.0,0.0,0.4,0.03,0.2,,response_footprint,,,,,0.2,0.17,,,,,,,,,,0.1,0.5,105,,,,,,0.2,1.7
0.3400000000000001,True,0.9999999999999997,1.1102230246251565e-16,0.6000000000000001,0.06000000000000008,0.4000000000000001,,response_footprint,,,,,0.2,0.33999999999999997,,,,,,,,,,0.20000000000000004,0.5,101,,,,,,0.4,1.7
0.3400000000000001,True,0.9999999999999997,1.1102230246251565e-16,0.6000000000000001,0.06000000000000008,0.4000000000000001,,response_footprint,,,,,0.2,0.33999999999999997,,,,,,,,,,0.20000000000000004,0.5,102,,,,,,0.4,1.7
0.3400000000000001,True,0.9999999999999997,1.1102230246251565e-16,0.6000000000000001,0.06000000000000008,0.4000000000000001,,response_footprint,,,,,0.2,0.33999999999999997,,,,,,,,,,0.20000000000000004,0.5,103,,,,,,0.4,1.7
0.3400000000000001,True,0.9999999999999997,1.1102230246251565e-16,0.6000000000000001,0.06000000000000008,0.4000000000000001,,response_footprint,,,,,0.2,0.33999999999999997,,,,,,,,,,0.20000000000000004,0.5,104,,,,,,0.4,1.7
0.3400000000000001,True,0.9999999999999997,1.1102230246251565e-16,0.6000000000000001,0.06000000000000008,0.4000000000000001,,response_footprint,,,,,0.2,0.33999999999999997,,,,,,,,,,0.20000000000000004,0.5,105,,,,,,0.4,1.7
0.012750000000000011,True,1.0000000000000022,-2.7755575615628914e-17,0.21000000000000002,-0.00275000000000003,0.010000000000000009,,response_footprint,,,,,0.2,0.012750000000000039,,,,,,,,,,0.007500000000000007,0.75,101,,,,,,0.01,1.7
0.012750000000000011,True,1.0000000000000022,-2.7755575615628914e-17,0.21000000000000002,-0.00275000000000003,0.010000000000000009,,response_footprint,,,,,0.2,0.012750000000000039,,,,,,,,,,0.007500000000000007,0.75,102,,,,,,0.01,1.7
0.012750000000000011,True,1.0000000000000022,-2.7755575615628914e-17,0.21000000000000002,-0.00275000000000003,0.010000000000000009,,response_footprint,,,,,0.2,0.012750000000000039,,,,,,,,,,0.007500000000000007,0.75,103,,,,,,0.01,1.7
0.012750000000000011,True,1.0000000000000022,-2.7755575615628914e-17,0.21000000000000002,-0.00275000000000003,0.010000000000000009,,response_footprint,,,,,0.2,0.012750000000000039,,,,,,,,,,0.007500000000000007,0.75,104,,,,,,0.01,1.7
0.012750000000000011,True,1.0000000000000022,-2.7755575615628914e-17,0.21000000000000002,-0.00275000000000003,0.010000000000000009,,response_footprint,,,,,0.2,0.012750000000000039,,,,,,,,,,0.007500000000000007,0.75,105,,,,,,0.01,1.7
0.03187499999999998,True,1.0000000000000002,-6.938893903907228e-18,0.225,-0.006874999999999992,0.024999999999999994,,response_footprint,,,,,0.2,0.03187499999999999,,,,,,,,,,0.01874999999999999,0.75,101,,,,,,0.025,1.7
0.03187499999999998,True,1.0000000000000002,-6.938893903907228e-18,0.225,-0.006874999999999992,0.024999999999999994,,response_footprint,,,,,0.2,0.03187499999999999,,,,,,,,,,0.01874999999999999,0.75,102,,,,,,0.025,1.7
0.03187499999999998,True,1.0000000000000002,-6.938893903907228e-18,0.225,-0.006874999999999992,0.024999999999999994,,response_footprint,,,,,0.2,0.03187499999999999,,,,,,,,,,0.01874999999999999,0.75,103,,,,,,0.025,1.7
0.03187499999999998,True,1.0000000000000002,-6.938893903907228e-18,0.225,-0.006874999999999992,0.024999999999999994,,response_footprint,,,,,0.2,0.03187499999999999,,,,,,,,,,0.01874999999999999,0.75,104,,,,,,0.025,1.7
0.03187499999999998,True,1.0000000000000002,-6.938893903907228e-18,0.225,-0.006874999999999992,0.024999999999999994,,response_footprint,,,,,0.2,0.03187499999999999,,,,,,,,,,0.01874999999999999,0.75,105,,,,,,0.025,1.7
0.06374999999999996,True,1.0000000000000002,-1.3877787807814457e-17,0.25,-0.013749999999999984,0.04999999999999999,,response_footprint,,,,,0.2,0.06374999999999997,,,,,,,,,,0.03749999999999998,0.75,101,,,,,,0.05,1.7
0.06374999999999996,True,1.0000000000000002,-1.3877787807814457e-17,0.25,-0.013749999999999984,0.04999999999999999,,response_footprint,,,,,0.2,0.06374999999999997,,,,,,,,,,0.03749999999999998,0.75,102,,,,,,0.05,1.7
0.06374999999999996,True,1.0000000000000002,-1.3877787807814457e-17,0.25,-0.013749999999999984,0.04999999999999999,,response_footprint,,,,,0.2,0.06374999999999997,,,,,,,,,,0.03749999999999998,0.75,103,,,,,,0.05,1.7
0.06374999999999996,True,1.0000000000000002,-1.3877787807814457e-17,0.25,-0.013749999999999984,0.04999999999999999,,response_footprint,,,,,0.2,0.06374999999999997,,,,,,,,,,0.03749999999999998,0.75,104,,,,,,0.05,1.7
0.06374999999999996,True,1.0000000000000002,-1.3877787807814457e-17,0.25,-0.013749999999999984,0.04999999999999999,,response_footprint,,,,,0.2,0.06374999999999997,,,,,,,,,,0.03749999999999998,0.75,105,,,,,,0.05,1.7
0.1275,True,1.0000000000000004,-5.551115123125783e-17,0.30000000000000004,-0.027500000000000024,0.10000000000000003,,response_footprint,,,,,0.2,0.12750000000000006,,,,,,,,,,0.07500000000000001,0.75,101,,,,,,0.1,1.7
0.1275,True,1.0000000000000004,-5.551115123125783e-17,0.30000000000000004,-0.027500000000000024,0.10000000000000003,,response_footprint,,,,,0.2,0.12750000000000006,,,,,,,,,,0.07500000000000001,0.75,102,,,,,,0.1,1.7
0.1275,True,1.0000000000000004,-5.551115123125783e-17,0.30000000000000004,-0.027500000000000024,0.10000000000000003,,response_footprint,,,,,0.2,0.12750000000000006,,,,,,,,,,0.07500000000000001,0.75,103,,,,,,0.1,1.7
0.1275,True,1.0000000000000004,-5.551115123125783e-17,0.30000000000000004,-0.027500000000000024,0.10000000000000003,,response_footprint,,,,,0.2,0.12750000000000006,,,,,,,,,,0.07500000000000001,0.75,104,,,,,,0.1,1.7
0.1275,True,1.0000000000000004,-5.551115123125783e-17,0.30000000000000004,-0.027500000000000024,0.10000000000000003,,response_footprint,,,,,0.2,0.12750000000000006,,,,,,,,,,0.07500000000000001,0.75,105,,,,,,0.1,1.7
0.255,True,1.0,0.0,0.4,-0.05499999999999999,0.2,,response_footprint,,,,,0.2,0.255,,,,,,,,,,0.15000000000000002,0.75,101,,,,,,0.2,1.7
0.255,True,1.0,0.0,0.4,-0.05499999999999999,0.2,,response_footprint,,,,,0.2,0.255,,,,,,,,,,0.15000000000000002,0.75,102,,,,,,0.2,1.7
0.255,True,1.0,0.0,0.4,-0.05499999999999999,0.2,,response_footprint,,,,,0.2,0.255,,,,,,,,,,0.15000000000000002,0.75,103,,,,,,0.2,1.7
0.255,True,1.0,0.0,0.4,-0.05499999999999999,0.2,,response_footprint,,,,,0.2,0.255,,,,,,,,,,0.15000000000000002,0.75,104,,,,,,0.2,1.7
0.255,True,1.0,0.0,0.4,-0.05499999999999999,0.2,,response_footprint,,,,,0.2,0.255,,,,,,,,,,0.15000000000000002,0.75,105,,,,,,0.2,1.7
0.51,True,1.0000000000000002,-1.1102230246251565e-16,0.6000000000000001,-0.11000000000000004,0.4000000000000001,,response_footprint,,,,,0.2,0.5100000000000001,,,,,,,,,,0.30000000000000004,0.75,101,,,,,,0.4,1.7
0.51,True,1.0000000000000002,-1.1102230246251565e-16,0.6000000000000001,-0.11000000000000004,0.4000000000000001,,response_footprint,,,,,0.2,0.5100000000000001,,,,,,,,,,0.30000000000000004,0.75,102,,,,,,0.4,1.7
0.51,True,1.0000000000000002,-1.1102230246251565e-16,0.6000000000000001,-0.11000000000000004,0.4000000000000001,,response_footprint,,,,,0.2,0.5100000000000001,,,,,,,,,,0.30000000000000004,0.75,103,,,,,,0.4,1.7
0.51,True,1.0000000000000002,-1.1102230246251565e-16,0.6000000000000001,-0.11000000000000004,0.4000000000000001,,response_footprint,,,,,0.2,0.5100000000000001,,,,,,,,,,0.30000000000000004,0.75,104,,,,,,0.4,1.7
0.51,True,1.0000000000000002,-1.1102230246251565e-16,0.6000000000000001,-0.11000000000000004,0.4000000000000001,,response_footprint,,,,,0.2,0.5100000000000001,,,,,,,,,,0.30000000000000004,0.75,105,,,,,,0.4,1.7
0.017000000000000015,True,1.0,0.0,0.21000000000000002,-0.007000000000000006,0.010000000000000009,,response_footprint,,,,,0.2,0.017000000000000015,,,,,,,,,,0.010000000000000009,1.0,101,,,,,,0.01,1.7
0.017000000000000015,True,1.0,0.0,0.21000000000000002,-0.007000000000000006,0.010000000000000009,,response_footprint,,,,,0.2,0.017000000000000015,,,,,,,,,,0.010000000000000009,1.0,102,,,,,,0.01,1.7
0.017000000000000015,True,1.0,0.0,0.21000000000000002,-0.007000000000000006,0.010000000000000009,,response_footprint,,,,,0.2,0.017000000000000015,,,,,,,,,,0.010000000000000009,1.0,103,,,,,,0.01,1.7
0.017000000000000015,True,1.0,0.0,0.21000000000000002,-0.007000000000000006,0.010000000000000009,,response_footprint,,,,,0.2,0.017000000000000015,,,,,,,,,,0.010000000000000009,1.0,104,,,,,,0.01,1.7
0.017000000000000015,True,1.0,0.0,0.21000000000000002,-0.007000000000000006,0.010000000000000009,,response_footprint,,,,,0.2,0.017000000000000015,,,,,,,,,,0.010000000000000009,1.0,105,,,,,,0.01,1.7
0.04249999999999999,True,0.9999999999999999,6.938893903907228e-18,0.225,-0.017499999999999988,0.024999999999999994,,response_footprint,,,,,0.2,0.04249999999999998,,,,,,,,,,0.024999999999999994,1.0,101,,,,,,0.025,1.7
0.04249999999999999,True,0.9999999999999999,6.938893903907228e-18,0.225,-0.017499999999999988,0.024999999999999994,,response_footprint,,,,,0.2,0.04249999999999998,,,,,,,,,,0.024999999999999994,1.0,102,,,,,,0.025,1.7
0.04249999999999999,True,0.9999999999999999,6.938893903907228e-18,0.225,-0.017499999999999988,0.024999999999999994,,response_footprint,,,,,0.2,0.04249999999999998,,,,,,,,,,0.024999999999999994,1.0,103,,,,,,0.025,1.7
0.04249999999999999,True,0.9999999999999999,6.938893903907228e-18,0.225,-0.017499999999999988,0.024999999999999994,,response_footprint,,,,,0.2,0.04249999999999998,,,,,,,,,,0.024999999999999994,1.0,104,,,,,,0.025,1.7
0.04249999999999999,True,0.9999999999999999,6.938893903907228e-18,0.225,-0.017499999999999988,0.024999999999999994,,response_footprint,,,,,0.2,0.04249999999999998,,,,,,,,,,0.024999999999999994,1.0,105,,,,,,0.025,1.7
0.08499999999999998,True,0.9999999999999999,1.3877787807814457e-17,0.25,-0.034999999999999976,0.04999999999999999,,response_footprint,,,,,0.2,0.08499999999999996,,,,,,,,,,0.04999999999999999,1.0,101,,,,,,0.05,1.7
0.08499999999999998,True,0.9999999999999999,1.3877787807814457e-17,0.25,-0.034999999999999976,0.04999999999999999,,response_footprint,,,,,0.2,0.08499999999999996,,,,,,,,,,0.04999999999999999,1.0,102,,,,,,0.05,1.7
0.08499999999999998,True,0.9999999999999999,1.3877787807814457e-17,0.25,-0.034999999999999976,0.04999999999999999,,response_footprint,,,,,0.2,0.08499999999999996,,,,,,,,,,0.04999999999999999,1.0,103,,,,,,0.05,1.7
0.08499999999999998,True,0.9999999999999999,1.3877787807814457e-17,0.25,-0.034999999999999976,0.04999999999999999,,response_footprint,,,,,0.2,0.08499999999999996,,,,,,,,,,0.04999999999999999,1.0,104,,,,,,0.05,1.7
0.08499999999999998,True,0.9999999999999999,1.3877787807814457e-17,0.25,-0.034999999999999976,0.04999999999999999,,response_footprint,,,,,0.2,0.08499999999999996,,,,,,,,,,0.04999999999999999,1.0,105,,,,,,0.05,1.7
0.17000000000000004,True,0.9999999999999997,5.551115123125783e-17,0.30000000000000004,-0.06999999999999995,0.10000000000000003,,response_footprint,,,,,0.2,0.16999999999999998,,,,,,,,,,0.10000000000000003,1.0,101,,,,,,0.1,1.7
0.17000000000000004,True,0.9999999999999997,5.551115123125783e-17,0.30000000000000004,-0.06999999999999995,0.10000000000000003,,response_footprint,,,,,0.2,0.16999999999999998,,,,,,,,,,0.10000000000000003,1.0,102,,,,,,0.1,1.7
0.17000000000000004,True,0.9999999999999997,5.551115123125783e-17,0.30000000000000004,-0.06999999999999995,0.10000000000000003,,response_footprint,,,,,0.2,0.16999999999999998,,,,,,,,,,0.10000000000000003,1.0,103,,,,,,0.1,1.7
0.17000000000000004,True,0.9999999999999997,5.551115123125783e-17,0.30000000000000004,-0.06999999999999995,0.10000000000000003,,response_footprint,,,,,0.2,0.16999999999999998,,,,,,,,,,0.10000000000000003,1.0,104,,,,,,0.1,1.7
0.17000000000000004,True,0.9999999999999997,5.551115123125783e-17,0.30000000000000004,-0.06999999999999995,0.10000000000000003,,response_footprint,,,,,0.2,0.16999999999999998,,,,,,,,,,0.10000000000000003,1.0,105,,,,,,0.1,1.7
0.34,True,1.0,0.0,0.4,-0.14,0.2,,response_footprint,,,,,0.2,0.34,,,,,,,,,,0.2,1.0,101,,,,,,0.2,1.7
0.34,True,1.0,0.0,0.4,-0.14,0.2,,response_footprint,,,,,0.2,0.34,,,,,,,,,,0.2,1.0,102,,,,,,0.2,1.7
0.34,True,1.0,0.0,0.4,-0.14,0.2,,response_footprint,,,,,0.2,0.34,,,,,,,,,,0.2,1.0,103,,,,,,0.2,1.7
0.34,True,1.0,0.0,0.4,-0.14,0.2,,response_footprint,,,,,0.2,0.34,,,,,,,,,,0.2,1.0,104,,,,,,0.2,1.7
0.34,True,1.0,0.0,0.4,-0.14,0.2,,response_footprint,,,,,0.2,0.34,,,,,,,,,,0.2,1.0,105,,,,,,0.2,1.7
0.6800000000000002,True,0.9999999999999997,2.220446049250313e-16,0.6000000000000001,-0.2799999999999999,0.4000000000000001,,response_footprint,,,,,0.2,0.6799999999999999,,,,,,,,,,0.4000000000000001,1.0,101,,,,,,0.4,1.7
0.6800000000000002,True,0.9999999999999997,2.220446049250313e-16,0.6000000000000001,-0.2799999999999999,0.4000000000000001,,response_footprint,,,,,0.2,0.6799999999999999,,,,,,,,,,0.4000000000000001,1.0,102,,,,,,0.4,1.7
0.6800000000000002,True,0.9999999999999997,2.220446049250313e-16,0.6000000000000001,-0.2799999999999999,0.4000000000000001,,response_footprint,,,,,0.2,0.6799999999999999,,,,,,,,,,0.4000000000000001,1.0,103,,,,,,0.4,1.7
0.6800000000000002,True,0.9999999999999997,2.220446049250313e-16,0.6000000000000001,-0.2799999999999999,0.4000000000000001,,response_footprint,,,,,0.2,0.6799999999999999,,,,,,,,,,0.4000000000000001,1.0,104,,,,,,0.4,1.7
0.6800000000000002,True,0.9999999999999997,2.220446049250313e-16,0.6000000000000001,-0.2799999999999999,0.4000000000000001,,response_footprint,,,,,0.2,0.6799999999999999,,,,,,,,,,0.4000000000000001,1.0,105,,,,,,0.4,1.7
