cost_multiplier,diagnostic,groups,mean_CISR,posterior_samples,reference_samples,selected_query_jaccard,selected_set_jaccard
0.5,cost_misspecification,24,0.0012476811416551326,,,0.5138888888888888,
0.75,cost_misspecification,24,0.00096353283524749,,,0.5694444444444444,
1.0,cost_misspecification,24,0.0014371219102940018,,,0.5972222222222222,
1.25,cost_misspecification,24,0.0014850725665622871,,,0.638888888888889,
1.5,cost_misspecification,24,0.002246623036182301,,,0.5138888888888888,
,posterior_sample_stability,24,,128,1024,,0.47222222222222215
,posterior_sample_stability,24,,256,1024,,0.47222222222222215
,posterior_sample_stability,24,,512,1024,,0.4305555555555555
,posterior_sample_stability,24,,1024,1024,,0.4583333333333333
