boosted_predicted_delta,boosted_selected,correction_uncertainty,delta_proxy,delta_true,global_predicted_delta,global_selected,local_selected,predicted_delta,round_id,transition_id
1.1738754211222528,True,1.8525529313556992,2.297360655183817,2.297360655183817,-2.2154328948320776,True,True,1.9508208523373591,round_id=0|seed=401|response_strength=0.0|optimization_strength=0.5|config_id=controlled-e4-v1:r=0:o=0.5|incumbent_policy_id=bb04999f69a86a50,18b2d4125560128e9432
-0.6315526072351698,False,1.8525529313556992,3.7089344253063654,3.7089344253063654,-3.692388158053464,False,False,0.2027747809480953,round_id=0|seed=401|response_strength=0.0|optimization_strength=0.5|config_id=controlled-e4-v1:r=0:o=0.5|incumbent_policy_id=bb04999f69a86a50,3c628bf0cdc3a1e3d127
1.1680753718884602,False,1.8525529313556992,0.7765691649072757,0.7765691649072757,-0.7384776316106927,True,True,3.892348856741333,round_id=0|seed=402|response_strength=0.0|optimization_strength=0.5|config_id=controlled-e4-v1:r=0:o=0.5|incumbent_policy_id=bb04999f69a86a50,55e76b76fa9a836c2a52
1.7614106464744141,True,1.8525529313556992,1.529138329814553,1.529138329814553,-1.4769552632213863,False,False,2.9303594211292516,round_id=0|seed=402|response_strength=0.0|optimization_strength=0.5|config_id=controlled-e4-v1:r=0:o=0.5|incumbent_policy_id=bb04999f69a86a50,61cef48a8defc00ea45c
1.1342222606602639,False,1.8525529313556992,2.257707494721828,2.257707494721828,-2.2154328948320776,False,False,1.9959726961940376,round_id=0|seed=402|response_strength=0.0|optimization_strength=0.5|config_id=controlled-e4-v1:r=0:o=0.5|incumbent_policy_id=bb04999f69a86a50,1fbbe0b78bcfa497191d
0.963494151616151,False,1.8525529313556992,3.642845824536381,3.642845824536381,-3.692388158053464,False,False,0.2780278540425636,round_id=0|seed=402|response_strength=0.0|optimization_strength=0.5|config_id=controlled-e4-v1:r=0:o=0.5|incumbent_policy_id=bb04999f69a86a50,bf241aab065ec6886dae
1.190882438925312,False,1.8525529313556992,0.7993762319441275,0.7993762319441275,-0.7384776316106927,True,True,3.8663791454325995,round_id=0|seed=403|response_strength=0.0|optimization_strength=0.5|config_id=controlled-e4-v1:r=0:o=0.5|incumbent_policy_id=bb04999f69a86a50,b741d13dfc9e16a53a44
1.8070247805481179,True,1.8525529313556992,1.5747524638882568,1.5747524638882568,-1.4769552632213863,False,False,2.878419998511785,round_id=0|seed=403|response_strength=0.0|optimization_strength=0.5|config_id=controlled-e4-v1:r=0:o=0.5|incumbent_policy_id=bb04999f69a86a50,2a818a94b79b2f3b2257
1.2026434617708195,False,1.8525529313556992,2.3261286958323835,2.3261286958323835,-2.2154328948320776,False,False,1.9180635622678377,round_id=0|seed=403|response_strength=0.0|optimization_strength=0.5|config_id=controlled-e4-v1:r=0:o=0.5|incumbent_policy_id=bb04999f69a86a50,a2da6556969af27ae8c3
-0.5836058728208933,False,1.8525529313556992,3.756881159720642,3.756881159720642,-3.692388158053464,False,False,0.14817929749889558,round_id=0|seed=403|response_strength=0.0|optimization_strength=0.5|config_id=controlled-e4-v1:r=0:o=0.5|incumbent_policy_id=bb04999f69a86a50,bcf3cda8940a64aecdb3
1.1904252576870318,False,1.8525529313556992,0.7989190507058472,0.7989190507058472,-0.7384776316106927,True,True,3.866899723758376,round_id=0|seed=404|response_strength=0.0|optimization_strength=0.5|config_id=controlled-e4-v1:r=0:o=0.5|incumbent_policy_id=bb04999f69a86a50,a75eeb579ee39ff3adb6
1.8061104180715573,True,1.8525529313556992,1.5738381014116962,1.5738381014116962,-1.4769552632213863,False,False,2.8794611551633373,round_id=0|seed=404|response_strength=0.0|optimization_strength=0.5|config_id=controlled-e4-v1:r=0:o=0.5|incumbent_policy_id=bb04999f69a86a50,e7e63655c93c01df314a
1.2012719180559794,False,1.8525529313556992,2.3247571521175434,2.3247571521175434,-2.2154328948320776,False,False,1.9196252972451653,round_id=0|seed=404|response_strength=0.0|optimization_strength=0.5|config_id=controlled-e4-v1:r=0:o=0.5|incumbent_policy_id=bb04999f69a86a50,a7dd9a0aaf5a1fbdea8b
-0.5858917790122931,False,1.8525529313556992,3.754595253529242,3.754595253529242,-3.692388158053464,False,False,0.1507821891277743,round_id=0|seed=404|response_strength=0.0|optimization_strength=0.5|config_id=controlled-e4-v1:r=0:o=0.5|incumbent_policy_id=bb04999f69a86a50,8c01de1885e7013ff62e
1.1809035473096328,False,1.8525529313556992,0.7893973403284482,0.7893973403284482,-0.7384776316106927,True,True,3.8777418048232875,round_id=0|seed=405|response_strength=0.0|optimization_strength=0.5|config_id=controlled-e4-v1:r=0:o=0.5|incumbent_policy_id=bb04999f69a86a50,8407cb745503c40fc3d5
1.7870669973167574,True,1.8525529313556992,1.5547946806568964,1.5547946806568964,-1.4769552632213863,False,False,2.9011453172931625,round_id=0|seed=405|response_strength=0.0|optimization_strength=0.5|config_id=controlled-e4-v1:r=0:o=0.5|incumbent_policy_id=bb04999f69a86a50,ac6b9c3be52908773d5e
1.1727067869237788,False,1.8525529313556992,2.296192020985343,2.296192020985343,-2.2154328948320776,False,False,1.9521515404399041,round_id=0|seed=405|response_strength=0.0|optimization_strength=0.5|config_id=controlled-e4-v1:r=0:o=0.5|incumbent_policy_id=bb04999f69a86a50,ed96174dbda9c6efb194
-0.6335003308992935,False,1.8525529313556992,3.7069867016422418,3.7069867016422418,-3.692388158053464,False,False,0.20499259445233697,round_id=0|seed=405|response_strength=0.0|optimization_strength=0.5|config_id=controlled-e4-v1:r=0:o=0.5|incumbent_policy_id=bb04999f69a86a50,109d6204e2d84a7b1b87
0.03823427782610178,False,1.8525529313556992,4.378721310367637,4.378721310367637,-4.430865789664156,True,True,-0.5278330757590508,round_id=0|seed=401|response_strength=0.0|optimization_strength=1.0|config_id=controlled-e4-v1:r=0:o=1|incumbent_policy_id=bb04999f69a86a50,56291f7f8824e23b9b6b
2.2603654272133715,True,1.8525529313556992,6.600852459754907,6.600852459754907,-7.384776316106926,False,False,-3.2657669665320848,round_id=0|seed=401|response_strength=0.0|optimization_strength=1.0|config_id=controlled-e4-v1:r=0:o=1|incumbent_policy_id=bb04999f69a86a50,e3fe3e668ce43a523d30
1.7614106464744141,False,1.8525529313556992,1.529138329814553,1.529138329814553,-1.4769552632213863,True,True,2.9983220302468965,round_id=0|seed=402|response_strength=0.0|optimization_strength=1.0|config_id=controlled-e4-v1:r=0:o=1|incumbent_policy_id=bb04999f69a86a50,f1639a1b7e6b07baeb55
0.28292498670887456,False,1.8525529313556992,2.9622766596291044,2.9622766596291044,-2.9539105264427707,False,False,1.2251275141878972,round_id=0|seed=402|response_strength=0.0|optimization_strength=1.0|config_id=controlled-e4-v1:r=0:o=1|incumbent_policy_id=bb04999f69a86a50,6da51726298fd633e057
-0.04107204309787882,False,1.8525529313556992,4.299414989443656,4.299414989443656,-4.430865789664156,False,False,-0.4375293880456912,round_id=0|seed=402|response_strength=0.0|optimization_strength=1.0|config_id=controlled-e4-v1:r=0:o=1|incumbent_policy_id=bb04999f69a86a50,8fca408bb210bcec8a24
2.31323630782936,True,1.8525529313556992,6.653723340370895,6.653723340370895,-7.384776316106926,False,False,-3.32596942500766,round_id=0|seed=402|response_strength=0.0|optimization_strength=1.0|config_id=controlled-e4-v1:r=0:o=1|incumbent_policy_id=bb04999f69a86a50,f8ccdc49f6a1937d191b
1.8070247805481179,False,1.8525529313556992,1.5747524638882568,1.5747524638882568,-1.4769552632213863,True,True,2.9463826076294297,round_id=0|seed=403|response_strength=0.0|optimization_strength=1.0|config_id=controlled-e4-v1:r=0:o=1|incumbent_policy_id=bb04999f69a86a50,7f352671878e7122dad1
0.37415325485628115,False,1.8525529313556992,3.053504927776511,3.053504927776511,-2.9539105264427707,False,False,1.1212486689529655,round_id=0|seed=403|response_strength=0.0|optimization_strength=1.0|config_id=controlled-e4-v1:r=0:o=1|incumbent_policy_id=bb04999f69a86a50,dbab84fbc7601e59849e
0.0957703591232324,False,1.8525529313556992,4.436257391664768,4.436257391664768,-4.430865789664156,False,False,-0.593347655898091,round_id=0|seed=403|response_strength=0.0|optimization_strength=1.0|config_id=controlled-e4-v1:r=0:o=1|incumbent_policy_id=bb04999f69a86a50,3f14d8fcdb48b828d959
2.2220080396819535,True,1.8525529313556992,6.562495072223489,6.562495072223489,-7.384776316106926,False,False,-3.2220905797727264,round_id=0|seed=403|response_strength=0.0|optimization_strength=1.0|config_id=controlled-e4-v1:r=0:o=1|incumbent_policy_id=bb04999f69a86a50,12f3b9c9b7f89b88757c
1.8061104180715573,False,1.8525529313556992,1.5738381014116962,1.5738381014116962,-1.4769552632213863,True,True,2.947423764280982,round_id=0|seed=404|response_strength=0.0|optimization_strength=1.0|config_id=controlled-e4-v1:r=0:o=1|incumbent_policy_id=bb04999f69a86a50,159f181f61ca31d90bc1
0.37232452990316434,False,1.8525529313556992,3.051676202823394,3.051676202823394,-2.9539105264427707,False,False,1.123330982256065,round_id=0|seed=404|response_strength=0.0|optimization_strength=1.0|config_id=controlled-e4-v1:r=0:o=1|incumbent_policy_id=bb04999f69a86a50,699810a671d3a52dec24
0.09302727169355407,False,1.8525529313556992,4.433514304235089,4.433514304235089,-4.430865789664156,False,False,-0.5902241859434376,round_id=0|seed=404|response_strength=0.0|optimization_strength=1.0|config_id=controlled-e4-v1:r=0:o=1|incumbent_policy_id=bb04999f69a86a50,db4d464f49623ad7cc2e
2.2238367646350703,True,1.8525529313556992,6.5643237971766055,6.5643237971766055,-7.384776316106926,False,False,-3.224172893075826,round_id=0|seed=404|response_strength=0.0|optimization_strength=1.0|config_id=controlled-e4-v1:r=0:o=1|incumbent_policy_id=bb04999f69a86a50,37f48feb2e0b2015df8c
1.7870669973167574,False,1.8525529313556992,1.5547946806568964,1.5547946806568964,-1.4769552632213863,True,True,2.9691079264108073,round_id=0|seed=405|response_strength=0.0|optimization_strength=1.0|config_id=controlled-e4-v1:r=0:o=1|incumbent_policy_id=bb04999f69a86a50,5f2c31fe6045cdeede59
0.33423768839356116,False,1.8525529313556992,3.013589361313791,3.013589361313791,-2.9539105264427707,False,False,1.1666993065157198,round_id=0|seed=405|response_strength=0.0|optimization_strength=1.0|config_id=controlled-e4-v1:r=0:o=1|incumbent_policy_id=bb04999f69a86a50,99f74218b9d212d7a2df
0.03589700942915286,False,1.8525529313556992,4.376384041970688,4.376384041970688,-4.430865789664156,False,False,-0.5251716995539599,round_id=0|seed=405|response_strength=0.0|optimization_strength=1.0|config_id=controlled-e4-v1:r=0:o=1|incumbent_policy_id=bb04999f69a86a50,831b18d0a4c082e3d9b1
2.2619236061446735,True,1.8525529313556992,6.602410638686209,6.602410638686209,-7.384776316106926,False,False,-3.2675412173354808,round_id=0|seed=405|response_strength=0.0|optimization_strength=1.0|config_id=controlled-e4-v1:r=0:o=1|incumbent_policy_id=bb04999f69a86a50,7ad3cd41eb2de4c3ae0f
1.9035949330099227,False,1.8525529313556992,6.244081965551458,6.244081965551458,-6.646298684496234,True,True,-2.7573130383378937,round_id=0|seed=401|response_strength=0.0|optimization_strength=1.5|config_id=controlled-e4-v1:r=0:o=1.5|incumbent_policy_id=bb04999f69a86a50,2b0d9a42b6c00ce9d85e
2.2603654272133715,True,1.8525529313556992,6.600852459754907,6.600852459754907,-11.077164474160389,False,False,-3.4249547571584484,round_id=0|seed=401|response_strength=0.0|optimization_strength=1.5|config_id=controlled-e4-v1:r=0:o=1.5|incumbent_policy_id=bb04999f69a86a50,da2140742660590235f8
1.1342222606602657,False,1.8525529313556992,2.2577074947218296,2.2577074947218296,-2.2154328948320785,True,True,2.1318979144293255,round_id=0|seed=402|response_strength=0.0|optimization_strength=1.5|config_id=controlled-e4-v1:r=0:o=1.5|incumbent_policy_id=bb04999f69a86a50,15c144591e3db3d36a94
-0.04107204309787882,False,1.8525529313556992,4.299414989443656,4.299414989443656,-4.430865789664156,False,False,-0.36956677892804635,round_id=0|seed=402|response_strength=0.0|optimization_strength=1.5|config_id=controlled-e4-v1:r=0:o=1.5|incumbent_policy_id=bb04999f69a86a50,dcdac45618ab6be7065f
1.7846354516239487,False,1.8525529313556992,6.125122484165484,6.125122484165484,-6.646298684496234,False,False,-2.621857506767851,round_id=0|seed=402|response_strength=0.0|optimization_strength=1.5|config_id=controlled-e4-v1:r=0:o=1.5|incumbent_policy_id=bb04999f69a86a50,2b9882ef43d581c8dbf4
2.31323630782936,True,1.8525529313556992,6.653723340370895,6.653723340370895,-11.077164474160389,False,False,-3.4851572156340236,round_id=0|seed=402|response_strength=0.0|optimization_strength=1.5|config_id=controlled-e4-v1:r=0:o=1.5|incumbent_policy_id=bb04999f69a86a50,9b4303df3414af8128de
1.2026434617708204,False,1.8525529313556992,2.3261286958323844,2.3261286958323844,-2.2154328948320785,True,True,2.0539887805031265,round_id=0|seed=403|response_strength=0.0|optimization_strength=1.5|config_id=controlled-e4-v1:r=0:o=1.5|incumbent_policy_id=bb04999f69a86a50,baa47ff285ed24a09c00
0.0957703591232324,False,1.8525529313556992,4.436257391664768,4.436257391664768,-4.430865789664156,False,False,-0.5253850467804462,round_id=0|seed=403|response_strength=0.0|optimization_strength=1.5|config_id=controlled-e4-v1:r=0:o=1.5|incumbent_policy_id=bb04999f69a86a50,0ffe211ba44cda5c051d
1.9898990549556173,False,1.8525529313556992,6.3303860874971525,6.3303860874971525,-6.646298684496234,False,False,-2.8555849085464535,round_id=0|seed=403|response_strength=0.0|optimization_strength=1.5|config_id=controlled-e4-v1:r=0:o=1.5|incumbent_policy_id=bb04999f69a86a50,b4823ae3c005237dc4f8
2.2220080396819535,True,1.8525529313556992,6.562495072223489,6.562495072223489,-11.077164474160389,False,False,-3.38127837039909,round_id=0|seed=403|response_strength=0.0|optimization_strength=1.5|config_id=controlled-e4-v1:r=0:o=1.5|incumbent_policy_id=bb04999f69a86a50,17dabb3bc032292a7ad0
1.2012719180559812,False,1.8525529313556992,2.324757152117545,2.324757152117545,-2.2154328948320785,True,True,2.055550515480453,round_id=0|seed=404|response_strength=0.0|optimization_strength=1.5|config_id=controlled-e4-v1:r=0:o=1.5|incumbent_policy_id=bb04999f69a86a50,b4763b1f56e3dbfcdda6
0.09302727169355407,False,1.8525529313556992,4.433514304235089,4.433514304235089,-4.430865789664156,False,False,-0.5222615768257928,round_id=0|seed=404|response_strength=0.0|optimization_strength=1.5|config_id=controlled-e4-v1:r=0:o=1.5|incumbent_policy_id=bb04999f69a86a50,a15660b0223da2ce50cd
1.9857844238110989,False,1.8525529313556992,6.326271456352634,6.326271456352634,-6.646298684496234,False,False,-2.8508997036144716,round_id=0|seed=404|response_strength=0.0|optimization_strength=1.5|config_id=controlled-e4-v1:r=0:o=1.5|incumbent_policy_id=bb04999f69a86a50,2e2647423b0b8889cf96
2.2238367646350703,True,1.8525529313556992,6.5643237971766055,6.5643237971766055,-11.077164474160389,False,False,-3.3833606837021897,round_id=0|seed=404|response_strength=0.0|optimization_strength=1.5|config_id=controlled-e4-v1:r=0:o=1.5|incumbent_policy_id=bb04999f69a86a50,dae1a7a09e7cb3337249
1.1727067869237797,False,1.8525529313556992,2.2961920209853437,2.2961920209853437,-2.2154328948320785,True,True,2.088076758675193,round_id=0|seed=405|response_strength=0.0|optimization_strength=1.5|config_id=controlled-e4-v1:r=0:o=1.5|incumbent_policy_id=bb04999f69a86a50,c4fd91274ee1e7acb531
0.03589700942915286,False,1.8525529313556992,4.376384041970688,4.376384041970688,-4.430865789664156,False,False,-0.4572090904363151,round_id=0|seed=405|response_strength=0.0|optimization_strength=1.5|config_id=controlled-e4-v1:r=0:o=1.5|incumbent_policy_id=bb04999f69a86a50,63f8483a3e756503e49f
1.9000890304144953,False,1.8525529313556992,6.2405760629560305,6.2405760629560305,-6.646298684496234,False,False,-2.753320974030254,round_id=0|seed=405|response_strength=0.0|optimization_strength=1.5|config_id=controlled-e4-v1:r=0:o=1.5|incumbent_policy_id=bb04999f69a86a50,3c3e9687ac33ae7da4fe
2.2619236061446735,True,1.8525529313556992,6.602410638686209,6.602410638686209,-11.077164474160389,False,False,-3.4267290079618444,round_id=0|seed=405|response_strength=0.0|optimization_strength=1.5|config_id=controlled-e4-v1:r=0:o=1.5|incumbent_policy_id=bb04999f69a86a50,4cfce43ac9ca824b8286
-0.6976051611627692,True,1.8525529313556992,2.297360655183817,-0.3838228616037347,-2.2154328948320776,True,True,-0.6313696086915197,round_id=0|seed=401|response_strength=0.3|optimization_strength=0.5|config_id=controlled-e4-v1:r=0.3:o=0.5|incumbent_policy_id=bb04999f69a86a50,284481a442b399156059
-2.5030331895201883,False,1.8525529313556992,3.7089344253063654,-1.5721846229115422,-3.692388158053464,False,False,-2.3794156800807844,round_id=0|seed=401|response_strength=0.3|optimization_strength=0.5|config_id=controlled-e4-v1:r=0.3:o=0.5|incumbent_policy_id=bb04999f69a86a50,5141bc1aaf463d4b3ab3
-0.7034052103965613,False,1.8525529313556992,0.7765691649072757,0.04533729669248876,-0.7384776316106927,True,True,1.3101583957124543,round_id=0|seed=402|response_strength=0.3|optimization_strength=0.5|config_id=controlled-e4-v1:r=0.3:o=0.5|incumbent_policy_id=bb04999f69a86a50,7ae02ca6fd40a8362335
-0.11006993581060742,True,1.8525529313556992,1.529138329814553,-0.09582137732941876,-1.4769552632213863,False,False,0.348168960100371,round_id=0|seed=402|response_strength=0.3|optimization_strength=0.5|config_id=controlled-e4-v1:r=0.3:o=0.5|incumbent_policy_id=bb04999f69a86a50,8e2d68a661f55c385457
-0.7372583216247581,False,1.8525529313556992,2.257707494721828,-0.42347602206572565,-2.2154328948320776,False,False,-0.5862177648348412,round_id=0|seed=402|response_strength=0.3|optimization_strength=0.5|config_id=controlled-e4-v1:r=0.3:o=0.5|incumbent_policy_id=bb04999f69a86a50,cd7a343fea4f6f9b24d1
-0.907986430668867,False,1.8525529313556992,3.642845824536381,-1.638273223681527,-3.692388158053464,False,False,-2.304162606986316,round_id=0|seed=402|response_strength=0.3|optimization_strength=0.5|config_id=controlled-e4-v1:r=0.3:o=0.5|incumbent_policy_id=bb04999f69a86a50,93f047bf91eb3dac6bad
-0.6805981433597095,False,1.8525529313556992,0.7993762319441275,0.06814436372934063,-0.7384776316106927,True,True,1.2841886844037207,round_id=0|seed=403|response_strength=0.3|optimization_strength=0.5|config_id=controlled-e4-v1:r=0.3:o=0.5|incumbent_policy_id=bb04999f69a86a50,cb919aaecc4c65b42547
-0.06445580173690368,True,1.8525529313556992,1.5747524638882568,-0.05020724325571635,-1.4769552632213863,False,False,0.2962295374829047,round_id=0|seed=403|response_strength=0.3|optimization_strength=0.5|config_id=controlled-e4-v1:r=0.3:o=0.5|incumbent_policy_id=bb04999f69a86a50,6c2d8e7ce61bf6714d30
-0.6688371205142025,False,1.8525529313556992,2.3261286958323835,-0.3550548209551705,-2.2154328948320776,False,False,-0.664126898761042,round_id=0|seed=403|response_strength=0.3|optimization_strength=0.5|config_id=controlled-e4-v1:r=0.3:o=0.5|incumbent_policy_id=bb04999f69a86a50,24d01e37c6020626c327
-2.4550864551059117,False,1.8525529313556992,3.756881159720642,-1.5242378884972674,-3.692388158053464,False,False,-2.434011163529984,round_id=0|seed=403|response_strength=0.3|optimization_strength=0.5|config_id=controlled-e4-v1:r=0.3:o=0.5|incumbent_policy_id=bb04999f69a86a50,8d4537731eb1c9a03d6f
-0.6810553245979898,False,1.8525529313556992,0.7989190507058472,0.06768718249106076,-0.7384776316106927,True,True,1.2847092627294971,round_id=0|seed=404|response_strength=0.3|optimization_strength=0.5|config_id=controlled-e4-v1:r=0.3:o=0.5|incumbent_policy_id=bb04999f69a86a50,ee930794d9cd837f5b9c
-0.06537016421346431,True,1.8525529313556992,1.5738381014116962,-0.0511216057322752,-1.4769552632213863,False,False,0.2972706941344567,round_id=0|seed=404|response_strength=0.3|optimization_strength=0.5|config_id=controlled-e4-v1:r=0.3:o=0.5|incumbent_policy_id=bb04999f69a86a50,e68c5b0d862c06f315a3
-0.6702086642290426,False,1.8525529313556992,2.3247571521175434,-0.3564263646700092,-2.2154328948320776,False,False,-0.6625651637837136,round_id=0|seed=404|response_strength=0.3|optimization_strength=0.5|config_id=controlled-e4-v1:r=0.3:o=0.5|incumbent_policy_id=bb04999f69a86a50,1271e73c6b9738c0c568
-2.4573723612973115,False,1.8525529313556992,3.754595253529242,-1.526523794688666,-3.692388158053464,False,False,-2.4314082719011054,round_id=0|seed=404|response_strength=0.3|optimization_strength=0.5|config_id=controlled-e4-v1:r=0.3:o=0.5|incumbent_policy_id=bb04999f69a86a50,7c10072ca868c13eef69
-0.6905770349753888,False,1.8525529313556992,0.7893973403284482,0.05816547211366041,-0.7384776316106927,True,True,1.2955513437944086,round_id=0|seed=405|response_strength=0.3|optimization_strength=0.5|config_id=controlled-e4-v1:r=0.3:o=0.5|incumbent_policy_id=bb04999f69a86a50,11805db8d3be3529a2d1
-0.08441358496826412,True,1.8525529313556992,1.5547946806568964,-0.07016502648707634,-1.4769552632213863,False,False,0.3189548562642823,round_id=0|seed=405|response_strength=0.3|optimization_strength=0.5|config_id=controlled-e4-v1:r=0.3:o=0.5|incumbent_policy_id=bb04999f69a86a50,4d61b13925776526d18b
-0.6987737953612432,False,1.8525529313556992,2.296192020985343,-0.3849914958022107,-2.2154328948320776,False,False,-0.6300389205889756,round_id=0|seed=405|response_strength=0.3|optimization_strength=0.5|config_id=controlled-e4-v1:r=0.3:o=0.5|incumbent_policy_id=bb04999f69a86a50,f32c8fa530789b9c83e2
-2.504980913184312,False,1.8525529313556992,3.7069867016422418,-1.5741323465756683,-3.692388158053464,False,False,-2.3771978665765428,round_id=0|seed=405|response_strength=0.3|optimization_strength=0.5|config_id=controlled-e4-v1:r=0.3:o=0.5|incumbent_policy_id=bb04999f69a86a50,10a024e16dbc6f88a687
-1.8332463044589167,False,1.8525529313556992,4.378721310367637,-2.446109459637042,-4.430865789664156,True,True,-3.1100235367879305,round_id=0|seed=401|response_strength=0.3|optimization_strength=1.0|config_id=controlled-e4-v1:r=0.3:o=1|incumbent_policy_id=bb04999f69a86a50,7b19569a12ca58a5d5c3
0.38888484492835307,True,1.8525529313556992,6.600852459754907,-7.806768513683014,-7.384776316106926,False,False,-5.8479574275609645,round_id=0|seed=401|response_strength=0.3|optimization_strength=1.0|config_id=controlled-e4-v1:r=0.3:o=1|incumbent_policy_id=bb04999f69a86a50,c9f54e50ee8b4d18e161
-0.11006993581060742,False,1.8525529313556992,1.529138329814553,-0.09582137732941876,-1.4769552632213863,True,True,0.41613156921801586,round_id=0|seed=402|response_strength=0.3|optimization_strength=1.0|config_id=controlled-e4-v1:r=0.3:o=1|incumbent_policy_id=bb04999f69a86a50,d766c6b0c308c4a2951a
-1.5885555955761435,False,1.8525529313556992,2.9622766596291044,-0.9376266375164264,-2.9539105264427707,False,False,-1.3570629468409834,round_id=0|seed=402|response_strength=0.3|optimization_strength=1.0|config_id=controlled-e4-v1:r=0.3:o=1|incumbent_policy_id=bb04999f69a86a50,17c539fd71e17e28edd0
-1.9125526253828973,False,1.8525529313556992,4.299414989443656,-2.5254157805610227,-4.430865789664156,False,False,-3.019719849074571,round_id=0|seed=402|response_strength=0.3|optimization_strength=1.0|config_id=controlled-e4-v1:r=0.3:o=1|incumbent_policy_id=bb04999f69a86a50,1f3de0402502a4fed87a
0.4417557255443416,True,1.8525529313556992,6.653723340370895,-7.938945715222982,-7.384776316106926,False,False,-5.90815988603654,round_id=0|seed=402|response_strength=0.3|optimization_strength=1.0|config_id=controlled-e4-v1:r=0.3:o=1|incumbent_policy_id=bb04999f69a86a50,103cfaf0d3c273406a35
-0.06445580173690368,False,1.8525529313556992,1.5747524638882568,-0.05020724325571635,-1.4769552632213863,True,True,0.36419214660054955,round_id=0|seed=403|response_strength=0.3|optimization_strength=1.0|config_id=controlled-e4-v1:r=0.3:o=1|incumbent_policy_id=bb04999f69a86a50,3e8f20482a8bb434eeec
-1.4973273274287369,False,1.8525529313556992,3.053504927776511,-0.84639836936902,-2.9539105264427707,False,False,-1.4609417920759151,round_id=0|seed=403|response_strength=0.3|optimization_strength=1.0|config_id=controlled-e4-v1:r=0.3:o=1|incumbent_policy_id=bb04999f69a86a50,eef94a634c5da0e67cb6
-1.775710223161786,False,1.8525529313556992,4.436257391664768,-2.3885733783399123,-4.430865789664156,False,False,-3.1755381169269707,round_id=0|seed=403|response_strength=0.3|optimization_strength=1.0|config_id=controlled-e4-v1:r=0.3:o=1|incumbent_policy_id=bb04999f69a86a50,02fd1cae40cd90814379
0.350527457396935,True,1.8525529313556992,6.562495072223489,-7.7108750448544665,-7.384776316106926,False,False,-5.804281040801604,round_id=0|seed=403|response_strength=0.3|optimization_strength=1.0|config_id=controlled-e4-v1:r=0.3:o=1|incumbent_policy_id=bb04999f69a86a50,35eb5573f3c61ef6c20f
-0.06537016421346431,False,1.8525529313556992,1.5738381014116962,-0.0511216057322752,-1.4769552632213863,True,True,0.36523330325210157,round_id=0|seed=404|response_strength=0.3|optimization_strength=1.0|config_id=controlled-e4-v1:r=0.3:o=1|incumbent_policy_id=bb04999f69a86a50,835c1b12b18a54b28785
-1.4991560523818537,False,1.8525529313556992,3.051676202823394,-0.8482270943221379,-2.9539105264427707,False,False,-1.4588594787728155,round_id=0|seed=404|response_strength=0.3|optimization_strength=1.0|config_id=controlled-e4-v1:r=0.3:o=1|incumbent_policy_id=bb04999f69a86a50,b8ad04dbd695bd417bb8
-1.7784533105914644,False,1.8525529313556992,4.433514304235089,-2.391316465769589,-4.430865789664156,False,False,-3.1724146469723173,round_id=0|seed=404|response_strength=0.3|optimization_strength=1.0|config_id=controlled-e4-v1:r=0.3:o=1|incumbent_policy_id=bb04999f69a86a50,63f4e07bb6a28ec5aa69
0.35235618235005184,True,1.8525529313556992,6.5643237971766055,-7.715446857237261,-7.384776316106926,False,False,-5.806363354104704,round_id=0|seed=404|response_strength=0.3|optimization_strength=1.0|config_id=controlled-e4-v1:r=0.3:o=1|incumbent_policy_id=bb04999f69a86a50,d521b1132da3f17f73c1
-0.08441358496826412,False,1.8525529313556992,1.5547946806568964,-0.07016502648707634,-1.4769552632213863,True,True,0.3869174653819272,round_id=0|seed=405|response_strength=0.3|optimization_strength=1.0|config_id=controlled-e4-v1:r=0.3:o=1|incumbent_policy_id=bb04999f69a86a50,b00504244fcf04e52397
-1.5372428938914569,False,1.8525529313556992,3.013589361313791,-0.88631393583174,-2.9539105264427707,False,False,-1.4154911545131608,round_id=0|seed=405|response_strength=0.3|optimization_strength=1.0|config_id=controlled-e4-v1:r=0.3:o=1|incumbent_policy_id=bb04999f69a86a50,9c8e9dff94478b5ca160
-1.8355835728558656,False,1.8525529313556992,4.376384041970688,-2.4484467280339937,-4.430865789664156,False,False,-3.1073621605828396,round_id=0|seed=405|response_strength=0.3|optimization_strength=1.0|config_id=controlled-e4-v1:r=0.3:o=1|incumbent_policy_id=bb04999f69a86a50,5090ca2db0cda27a2f11
0.390443023859655,True,1.8525529313556992,6.602410638686209,-7.810663961011267,-7.384776316106926,False,False,-5.8497316783643605,round_id=0|seed=405|response_strength=0.3|optimization_strength=1.0|config_id=controlled-e4-v1:r=0.3:o=1|incumbent_policy_id=bb04999f69a86a50,711a4b4e17cdd38d046f
0.032114350724904206,False,1.8525529313556992,6.244081965551458,-6.186859794099922,-6.646298684496234,True,True,-5.339503499366775,round_id=0|seed=401|response_strength=0.3|optimization_strength=1.5|config_id=controlled-e4-v1:r=0.3:o=1.5|incumbent_policy_id=bb04999f69a86a50,166ee63918db71eea0b9
0.38888484492835307,True,1.8525529313556992,6.600852459754907,-12.099179774529915,-11.077164474160389,False,False,-6.007145218187323,round_id=0|seed=401|response_strength=0.3|optimization_strength=1.5|config_id=controlled-e4-v1:r=0.3:o=1.5|incumbent_policy_id=bb04999f69a86a50,2e9f8a7e8496a7344c08
-0.7372583216247564,False,1.8525529313556992,2.2577074947218296,-0.42347602206572477,-2.2154328948320785,True,True,-0.4502925465995533,round_id=0|seed=402|response_strength=0.3|optimization_strength=1.5|config_id=controlled-e4-v1:r=0.3:o=1.5|incumbent_policy_id=bb04999f69a86a50,d09b05a52e1fa6e8525d
-1.9125526253828973,False,1.8525529313556992,4.299414989443656,-2.5254157805610227,-4.430865789664156,False,False,-2.951757239956926,round_id=0|seed=402|response_strength=0.3|optimization_strength=1.5|config_id=controlled-e4-v1:r=0.3:o=1.5|incumbent_policy_id=bb04999f69a86a50,24f2cf82dcbc507dfdb6
-0.0868451306610698,False,1.8525529313556992,6.125122484165484,-6.305819275485893,-6.646298684496234,False,False,-5.204047967796733,round_id=0|seed=402|response_strength=0.3|optimization_strength=1.5|config_id=controlled-e4-v1:r=0.3:o=1.5|incumbent_policy_id=bb04999f69a86a50,7853c29df897438c4828
0.4417557255443416,True,1.8525529313556992,6.653723340370895,-12.046308893913928,-11.077164474160389,False,False,-6.067347676662898,round_id=0|seed=402|response_strength=0.3|optimization_strength=1.5|config_id=controlled-e4-v1:r=0.3:o=1.5|incumbent_policy_id=bb04999f69a86a50,82915414bd03f6e12fa4
-0.6688371205142016,False,1.8525529313556992,2.3261286958323844,-0.35505482095517005,-2.2154328948320785,True,True,-0.5282016805257532,round_id=0|seed=403|response_strength=0.3|optimization_strength=1.5|config_id=controlled-e4-v1:r=0.3:o=1.5|incumbent_policy_id=bb04999f69a86a50,b1b25781c8c8dc37f7a8
-1.775710223161786,False,1.8525529313556992,4.436257391664768,-2.3885733783399123,-4.430865789664156,False,False,-3.107575507809326,round_id=0|seed=403|response_strength=0.3|optimization_strength=1.5|config_id=controlled-e4-v1:r=0.3:o=1.5|incumbent_policy_id=bb04999f69a86a50,7c1d4b8550d5da9a0297
0.1184184726705988,False,1.8525529313556992,6.3303860874971525,-6.100555672154229,-6.646298684496234,False,False,-5.437775369575335,round_id=0|seed=403|response_strength=0.3|optimization_strength=1.5|config_id=controlled-e4-v1:r=0.3:o=1.5|incumbent_policy_id=bb04999f69a86a50,95b1b8adad375c6aa89c
0.350527457396935,True,1.8525529313556992,6.562495072223489,-12.137537162061335,-11.077164474160389,False,False,-5.963468831427966,round_id=0|seed=403|response_strength=0.3|optimization_strength=1.5|config_id=controlled-e4-v1:r=0.3:o=1.5|incumbent_policy_id=bb04999f69a86a50,930117325d53d19fb3a8
-0.6702086642290408,False,1.8525529313556992,2.324757152117545,-0.35642636467000877,-2.2154328948320785,True,True,-0.5266399455484256,round_id=0|seed=404|response_strength=0.3|optimization_strength=1.5|config_id=controlled-e4-v1:r=0.3:o=1.5|incumbent_policy_id=bb04999f69a86a50,109a7ac36f454f706f4f
-1.7784533105914644,False,1.8525529313556992,4.433514304235089,-2.391316465769589,-4.430865789664156,False,False,-3.1044520378546725,round_id=0|seed=404|response_strength=0.3|optimization_strength=1.5|config_id=controlled-e4-v1:r=0.3:o=1.5|incumbent_policy_id=bb04999f69a86a50,6aa0985dd48a8d815ff6
0.11430384152608042,False,1.8525529313556992,6.326271456352634,-6.104670303298745,-6.646298684496234,False,False,-5.433090164643351,round_id=0|seed=404|response_strength=0.3|optimization_strength=1.5|config_id=controlled-e4-v1:r=0.3:o=1.5|incumbent_policy_id=bb04999f69a86a50,855fdad6d5bab5ef52c0
0.35235618235005184,True,1.8525529313556992,6.5643237971766055,-12.135708437108217,-11.077164474160389,False,False,-5.965551144731066,round_id=0|seed=404|response_strength=0.3|optimization_strength=1.5|config_id=controlled-e4-v1:r=0.3:o=1.5|incumbent_policy_id=bb04999f69a86a50,e48d9522cd2de857dce4
-0.6987737953612423,False,1.8525529313556992,2.2961920209853437,-0.3849914958022098,-2.2154328948320785,True,True,-0.4941137023536868,round_id=0|seed=405|response_strength=0.3|optimization_strength=1.5|config_id=controlled-e4-v1:r=0.3:o=1.5|incumbent_policy_id=bb04999f69a86a50,ed35756477bc61497aa1
-1.8355835728558656,False,1.8525529313556992,4.376384041970688,-2.4484467280339937,-4.430865789664156,False,False,-3.039399551465195,round_id=0|seed=405|response_strength=0.3|optimization_strength=1.5|config_id=controlled-e4-v1:r=0.3:o=1.5|incumbent_policy_id=bb04999f69a86a50,ef80277e2b32a4540470
0.028608448129476827,False,1.8525529313556992,6.2405760629560305,-6.190365696695348,-6.646298684496234,False,False,-5.335511435059136,round_id=0|seed=405|response_strength=0.3|optimization_strength=1.5|config_id=controlled-e4-v1:r=0.3:o=1.5|incumbent_policy_id=bb04999f69a86a50,86bc85612c7bacd5a292
0.390443023859655,True,1.8525529313556992,6.602410638686209,-12.097621595598614,-11.077164474160389,False,False,-6.008919468990719,round_id=0|seed=405|response_strength=0.3|optimization_strength=1.5|config_id=controlled-e4-v1:r=0.3:o=1.5|incumbent_policy_id=bb04999f69a86a50,969755c9760d7aa90b2d
-3.9897583933979863,True,1.8525529313556992,2.297360655183817,-3.958734217320472,-2.2154328948320776,True,True,-4.074290223396692,round_id=0|seed=401|response_strength=0.7|optimization_strength=0.5|config_id=controlled-e4-v1:r=0.7:o=0.5|incumbent_policy_id=bb04999f69a86a50,66bfb6962f07148a7bae
-5.7951864217554085,False,1.8525529313556992,3.7089344253063654,-8.613676687202085,-3.692388158053464,False,False,-5.822336294785956,round_id=0|seed=401|response_strength=0.7|optimization_strength=0.5|config_id=controlled-e4-v1:r=0.7:o=0.5|incumbent_policy_id=bb04999f69a86a50,d731c86e47fcfac53efd
-3.995558442631781,False,1.8525529313556992,0.7765691649072757,-0.9296385275938943,-0.7384776316106927,True,True,-2.132762218992718,round_id=0|seed=402|response_strength=0.7|optimization_strength=0.5|config_id=controlled-e4-v1:r=0.7:o=0.5|incumbent_policy_id=bb04999f69a86a50,c39e4aeebbd57e239ced
-3.4022231680458264,True,1.8525529313556992,1.529138329814553,-2.2624343201880492,-1.4769552632213863,False,False,-3.0947516546047984,round_id=0|seed=402|response_strength=0.7|optimization_strength=0.5|config_id=controlled-e4-v1:r=0.7:o=0.5|incumbent_policy_id=bb04999f69a86a50,db53d9047ce69a8df4ef
-4.029411553859975,False,1.8525529313556992,2.257707494721828,-3.998387377782463,-2.2154328948320776,False,False,-4.029138379540013,round_id=0|seed=402|response_strength=0.7|optimization_strength=0.5|config_id=controlled-e4-v1:r=0.7:o=0.5|incumbent_policy_id=bb04999f69a86a50,2ae2ae74bcece2112d22
-4.200139662904088,False,1.8525529313556992,3.642845824536381,-8.679765287972069,-3.692388158053464,False,False,-5.747083221691487,round_id=0|seed=402|response_strength=0.7|optimization_strength=0.5|config_id=controlled-e4-v1:r=0.7:o=0.5|incumbent_policy_id=bb04999f69a86a50,5b004ef2864481d3c895
-3.972751375594929,False,1.8525529313556992,0.7993762319441275,-0.9068314605570429,-0.7384776316106927,True,True,-2.1587319303014505,round_id=0|seed=403|response_strength=0.7|optimization_strength=0.5|config_id=controlled-e4-v1:r=0.7:o=0.5|incumbent_policy_id=bb04999f69a86a50,0e767d93bdd413ec217f
-3.3566090339721226,True,1.8525529313556992,1.5747524638882568,-2.2168201861143464,-1.4769552632213863,False,False,-3.1466910772222656,round_id=0|seed=403|response_strength=0.7|optimization_strength=0.5|config_id=controlled-e4-v1:r=0.7:o=0.5|incumbent_policy_id=bb04999f69a86a50,9788949a6ca9d592787e
-3.9609903527494197,False,1.8525529313556992,2.3261286958323835,-3.9299661766719076,-2.2154328948320776,False,False,-4.107047513466212,round_id=0|seed=403|response_strength=0.7|optimization_strength=0.5|config_id=controlled-e4-v1:r=0.7:o=0.5|incumbent_policy_id=bb04999f69a86a50,998ce29a6d02d5c4011b
-5.747239687341132,False,1.8525529313556992,3.756881159720642,-8.565729952787812,-3.692388158053464,False,False,-5.876931778235155,round_id=0|seed=403|response_strength=0.7|optimization_strength=0.5|config_id=controlled-e4-v1:r=0.7:o=0.5|incumbent_policy_id=bb04999f69a86a50,c21a7cb8c8028fe888f4
-3.9732085568332094,False,1.8525529313556992,0.7989190507058472,-0.9072886417953215,-0.7384776316106927,True,True,-2.158211351975675,round_id=0|seed=404|response_strength=0.7|optimization_strength=0.5|config_id=controlled-e4-v1:r=0.7:o=0.5|incumbent_policy_id=bb04999f69a86a50,baa64c377da44b316cbc
-3.3575233964486833,True,1.8525529313556992,1.5738381014116962,-2.2177345485909044,-1.4769552632213863,False,False,-3.1456499205707127,round_id=0|seed=404|response_strength=0.7|optimization_strength=0.5|config_id=controlled-e4-v1:r=0.7:o=0.5|incumbent_policy_id=bb04999f69a86a50,aecf2f3bcb8a60d341c2
-3.9623618964642597,False,1.8525529313556992,2.3247571521175434,-3.931337720386746,-2.2154328948320776,False,False,-4.105485778488884,round_id=0|seed=404|response_strength=0.7|optimization_strength=0.5|config_id=controlled-e4-v1:r=0.7:o=0.5|incumbent_policy_id=bb04999f69a86a50,1d5db74cf0a202d7a6b4
-5.749525593532532,False,1.8525529313556992,3.754595253529242,-8.568015858979209,-3.692388158053464,False,False,-5.874328886606277,round_id=0|seed=404|response_strength=0.7|optimization_strength=0.5|config_id=controlled-e4-v1:r=0.7:o=0.5|incumbent_policy_id=bb04999f69a86a50,6e265a58ccfbbfde1296
-3.9827302672106084,False,1.8525529313556992,0.7893973403284482,-0.9168103521727228,-0.7384776316106927,True,True,-2.1473692709107626,round_id=0|seed=405|response_strength=0.7|optimization_strength=0.5|config_id=controlled-e4-v1:r=0.7:o=0.5|incumbent_policy_id=bb04999f69a86a50,4f6eee004863f7d9e49d
-3.376566817203483,True,1.8525529313556992,1.5547946806568964,-2.2367779693457055,-1.4769552632213863,False,False,-3.123965758440888,round_id=0|seed=405|response_strength=0.7|optimization_strength=0.5|config_id=controlled-e4-v1:r=0.7:o=0.5|incumbent_policy_id=bb04999f69a86a50,bee762a5ca9e992a34b1
-3.9909270275964603,False,1.8525529313556992,2.296192020985343,-3.959902851518948,-2.2154328948320776,False,False,-4.072959535294146,round_id=0|seed=405|response_strength=0.7|optimization_strength=0.5|config_id=controlled-e4-v1:r=0.7:o=0.5|incumbent_policy_id=bb04999f69a86a50,42bf3318a14160058ae8
-5.797134145419532,False,1.8525529313556992,3.7069867016422418,-8.61562441086621,-3.692388158053464,False,False,-5.820118481281714,round_id=0|seed=405|response_strength=0.7|optimization_strength=0.5|config_id=controlled-e4-v1:r=0.7:o=0.5|incumbent_policy_id=bb04999f69a86a50,e9975b4bedd781016d44
-5.125399536694137,False,1.8525529313556992,4.378721310367637,-10.365889420243013,-4.430865789664156,True,True,-6.552944151493102,round_id=0|seed=401|response_strength=0.7|optimization_strength=1.0|config_id=controlled-e4-v1:r=0.7:o=1|incumbent_policy_id=bb04999f69a86a50,37e80c8e9e6aa1a6b49a
-2.903268387306867,True,1.8525529313556992,6.600852459754907,-10.365889420243013,-7.384776316106926,False,False,-9.290878042266137,round_id=0|seed=401|response_strength=0.7|optimization_strength=1.0|config_id=controlled-e4-v1:r=0.7:o=1|incumbent_policy_id=bb04999f69a86a50,597dac4d5476be405231
-3.4022231680458264,False,1.8525529313556992,1.529138329814553,-2.2624343201880492,-1.4769552632213863,True,True,-3.0267890454871536,round_id=0|seed=402|response_strength=0.7|optimization_strength=1.0|config_id=controlled-e4-v1:r=0.7:o=1|incumbent_policy_id=bb04999f69a86a50,40aba96e88d16a1e5fab
-4.880708827811365,False,1.8525529313556992,2.9622766596291044,-6.137497700377134,-2.9539105264427707,False,False,-4.799983561546155,round_id=0|seed=402|response_strength=0.7|optimization_strength=1.0|config_id=controlled-e4-v1:r=0.7:o=1|incumbent_policy_id=bb04999f69a86a50,360d9ca3b2c92d4c54f2
-5.2047058576181175,False,1.8525529313556992,4.299414989443656,-10.313018539627025,-4.430865789664156,False,False,-6.462640463779742,round_id=0|seed=402|response_strength=0.7|optimization_strength=1.0|config_id=controlled-e4-v1:r=0.7:o=1|incumbent_policy_id=bb04999f69a86a50,8371d5ee0b52d158b25e
-2.8503975066908787,True,1.8525529313556992,6.653723340370895,-10.313018539627025,-7.384776316106926,False,False,-9.351080500741713,round_id=0|seed=402|response_strength=0.7|optimization_strength=1.0|config_id=controlled-e4-v1:r=0.7:o=1|incumbent_policy_id=bb04999f69a86a50,460ee123ea58779c5e95
-3.3566090339721226,False,1.8525529313556992,1.5747524638882568,-2.2168201861143464,-1.4769552632213863,True,True,-3.0787284681046208,round_id=0|seed=403|response_strength=0.7|optimization_strength=1.0|config_id=controlled-e4-v1:r=0.7:o=1|incumbent_policy_id=bb04999f69a86a50,4ae3501ed4c9b7e32b73
-4.789480559663958,False,1.8525529313556992,3.053504927776511,-6.046269432229728,-2.9539105264427707,False,False,-4.903862406781086,round_id=0|seed=403|response_strength=0.7|optimization_strength=1.0|config_id=controlled-e4-v1:r=0.7:o=1|incumbent_policy_id=bb04999f69a86a50,492f9cbe1b8638202620
-5.067863455397006,False,1.8525529313556992,4.436257391664768,-10.404246807774433,-4.430865789664156,False,False,-6.618458731632142,round_id=0|seed=403|response_strength=0.7|optimization_strength=1.0|config_id=controlled-e4-v1:r=0.7:o=1|incumbent_policy_id=bb04999f69a86a50,ac0fce9370cc3c583d49
-2.9416257748382852,True,1.8525529313556992,6.562495072223489,-10.404246807774433,-7.384776316106926,False,False,-9.247201655506778,round_id=0|seed=403|response_strength=0.7|optimization_strength=1.0|config_id=controlled-e4-v1:r=0.7:o=1|incumbent_policy_id=bb04999f69a86a50,0a422ad1fb0d20908fbb
-3.3575233964486833,False,1.8525529313556992,1.5738381014116962,-2.2177345485909044,-1.4769552632213863,True,True,-3.077687311453068,round_id=0|seed=404|response_strength=0.7|optimization_strength=1.0|config_id=controlled-e4-v1:r=0.7:o=1|incumbent_policy_id=bb04999f69a86a50,be037a905ac00596414b
-4.791309284617075,False,1.8525529313556992,3.051676202823394,-6.048098157182846,-2.9539105264427707,False,False,-4.901780093477987,round_id=0|seed=404|response_strength=0.7|optimization_strength=1.0|config_id=controlled-e4-v1:r=0.7:o=1|incumbent_policy_id=bb04999f69a86a50,3bab4b58f6bb85d6527f
-5.070606542826685,False,1.8525529313556992,4.433514304235089,-10.402418082821313,-4.430865789664156,False,False,-6.6153352616774885,round_id=0|seed=404|response_strength=0.7|optimization_strength=1.0|config_id=controlled-e4-v1:r=0.7:o=1|incumbent_policy_id=bb04999f69a86a50,36153a6f95ddc679f9c1
-2.9397970498851684,True,1.8525529313556992,6.5643237971766055,-10.402418082821313,-7.384776316106926,False,False,-9.249283968809877,round_id=0|seed=404|response_strength=0.7|optimization_strength=1.0|config_id=controlled-e4-v1:r=0.7:o=1|incumbent_policy_id=bb04999f69a86a50,914a233a2a295abb3c95
-3.376566817203483,False,1.8525529313556992,1.5547946806568964,-2.2367779693457055,-1.4769552632213863,True,True,-3.056003149323243,round_id=0|seed=405|response_strength=0.7|optimization_strength=1.0|config_id=controlled-e4-v1:r=0.7:o=1|incumbent_policy_id=bb04999f69a86a50,7c48de6502cd4dc50650
-4.829396126126678,False,1.8525529313556992,3.013589361313791,-6.086184998692448,-2.9539105264427707,False,False,-4.858411769218334,round_id=0|seed=405|response_strength=0.7|optimization_strength=1.0|config_id=controlled-e4-v1:r=0.7:o=1|incumbent_policy_id=bb04999f69a86a50,b22ded04425042056032
-5.127736805091086,False,1.8525529313556992,4.376384041970688,-10.364331241311712,-4.430865789664156,False,False,-6.550282775288011,round_id=0|seed=405|response_strength=0.7|optimization_strength=1.0|config_id=controlled-e4-v1:r=0.7:o=1|incumbent_policy_id=bb04999f69a86a50,650f27070d3e045d15fd
-2.9017102083755653,True,1.8525529313556992,6.602410638686209,-10.364331241311712,-7.384776316106926,False,False,-9.292652293069533,round_id=0|seed=405|response_strength=0.7|optimization_strength=1.0|config_id=controlled-e4-v1:r=0.7:o=1|incumbent_policy_id=bb04999f69a86a50,d3d5eae7d8fbe51bccef
-3.260038881510316,False,1.8525529313556992,6.244081965551458,-10.365889420243013,-6.646298684496234,True,True,-8.782424114071944,round_id=0|seed=401|response_strength=0.7|optimization_strength=1.5|config_id=controlled-e4-v1:r=0.7:o=1.5|incumbent_policy_id=bb04999f69a86a50,1442a0411df3013bcd38
-2.903268387306867,True,1.8525529313556992,6.600852459754907,-10.365889420243013,-11.077164474160389,False,False,-9.450065832892495,round_id=0|seed=401|response_strength=0.7|optimization_strength=1.5|config_id=controlled-e4-v1:r=0.7:o=1.5|incumbent_policy_id=bb04999f69a86a50,32fd31ea6ba441e432b7
-4.0294115538599735,False,1.8525529313556992,2.2577074947218296,-3.9983873777824637,-2.2154328948320785,True,True,-3.8932131613047254,round_id=0|seed=402|response_strength=0.7|optimization_strength=1.5|config_id=controlled-e4-v1:r=0.7:o=1.5|incumbent_policy_id=bb04999f69a86a50,352531ee0b9795b844a6
-5.2047058576181175,False,1.8525529313556992,4.299414989443656,-10.313018539627025,-4.430865789664156,False,False,-6.394677854662097,round_id=0|seed=402|response_strength=0.7|optimization_strength=1.5|config_id=controlled-e4-v1:r=0.7:o=1.5|incumbent_policy_id=bb04999f69a86a50,24579b40f824773884f4
-3.37899836289629,False,1.8525529313556992,6.125122484165484,-10.313018539627025,-6.646298684496234,False,False,-8.646968582501902,round_id=0|seed=402|response_strength=0.7|optimization_strength=1.5|config_id=controlled-e4-v1:r=0.7:o=1.5|incumbent_policy_id=bb04999f69a86a50,0ac1fd52df5f34e99006
-2.8503975066908787,True,1.8525529313556992,6.653723340370895,-10.313018539627025,-11.077164474160389,False,False,-9.510268291368071,round_id=0|seed=402|response_strength=0.7|optimization_strength=1.5|config_id=controlled-e4-v1:r=0.7:o=1.5|incumbent_policy_id=bb04999f69a86a50,d557a2666b627ce6cd48
-3.960990352749419,False,1.8525529313556992,2.3261286958323844,-3.929966176671909,-2.2154328948320785,True,True,-3.9711222952309235,round_id=0|seed=403|response_strength=0.7|optimization_strength=1.5|config_id=controlled-e4-v1:r=0.7:o=1.5|incumbent_policy_id=bb04999f69a86a50,8644189dff2bff417023
-5.067863455397006,False,1.8525529313556992,4.436257391664768,-10.404246807774433,-4.430865789664156,False,False,-6.550496122514497,round_id=0|seed=403|response_strength=0.7|optimization_strength=1.5|config_id=controlled-e4-v1:r=0.7:o=1.5|incumbent_policy_id=bb04999f69a86a50,87fef20c27eb80172a62
-3.1737347595646215,False,1.8525529313556992,6.3303860874971525,-10.404246807774433,-6.646298684496234,False,False,-8.880695984280507,round_id=0|seed=403|response_strength=0.7|optimization_strength=1.5|config_id=controlled-e4-v1:r=0.7:o=1.5|incumbent_policy_id=bb04999f69a86a50,25a8898477d310386445
-2.9416257748382852,True,1.8525529313556992,6.562495072223489,-10.404246807774433,-11.077164474160389,False,False,-9.406389446133137,round_id=0|seed=403|response_strength=0.7|optimization_strength=1.5|config_id=controlled-e4-v1:r=0.7:o=1.5|incumbent_policy_id=bb04999f69a86a50,6adabd9dcb477fcef23b
-3.962361896464258,False,1.8525529313556992,2.324757152117545,-3.931337720386747,-2.2154328948320785,True,True,-3.969560560253596,round_id=0|seed=404|response_strength=0.7|optimization_strength=1.5|config_id=controlled-e4-v1:r=0.7:o=1.5|incumbent_policy_id=bb04999f69a86a50,614ea3ead4edc896e2ca
-5.070606542826685,False,1.8525529313556992,4.433514304235089,-10.402418082821313,-4.430865789664156,False,False,-6.547372652559844,round_id=0|seed=404|response_strength=0.7|optimization_strength=1.5|config_id=controlled-e4-v1:r=0.7:o=1.5|incumbent_policy_id=bb04999f69a86a50,e637a81b75c2f42e63ba
-3.17784939070914,False,1.8525529313556992,6.326271456352634,-10.402418082821313,-6.646298684496234,False,False,-8.876010779348524,round_id=0|seed=404|response_strength=0.7|optimization_strength=1.5|config_id=controlled-e4-v1:r=0.7:o=1.5|incumbent_policy_id=bb04999f69a86a50,11aa29c81cbc7d0c7868
-2.9397970498851684,True,1.8525529313556992,6.5643237971766055,-10.402418082821313,-11.077164474160389,False,False,-9.408471759436239,round_id=0|seed=404|response_strength=0.7|optimization_strength=1.5|config_id=controlled-e4-v1:r=0.7:o=1.5|incumbent_policy_id=bb04999f69a86a50,ff8c80930452c1a0cad8
-3.9909270275964595,False,1.8525529313556992,2.2961920209853437,-3.959902851518949,-2.2154328948320785,True,True,-3.937034317058857,round_id=0|seed=405|response_strength=0.7|optimization_strength=1.5|config_id=controlled-e4-v1:r=0.7:o=1.5|incumbent_policy_id=bb04999f69a86a50,d6397e5d237405fd879e
-5.127736805091086,False,1.8525529313556992,4.376384041970688,-10.364331241311712,-4.430865789664156,False,False,-6.482320166170366,round_id=0|seed=405|response_strength=0.7|optimization_strength=1.5|config_id=controlled-e4-v1:r=0.7:o=1.5|incumbent_policy_id=bb04999f69a86a50,6fb00cb451f40d81ddbd
-3.2635447841057434,False,1.8525529313556992,6.2405760629560305,-10.364331241311712,-6.646298684496234,False,False,-8.778432049764305,round_id=0|seed=405|response_strength=0.7|optimization_strength=1.5|config_id=controlled-e4-v1:r=0.7:o=1.5|incumbent_policy_id=bb04999f69a86a50,5ec395ba21ef1931fc73
-2.9017102083755653,True,1.8525529313556992,6.602410638686209,-10.364331241311712,-11.077164474160389,False,False,-9.451840083695892,round_id=0|seed=405|response_strength=0.7|optimization_strength=1.5|config_id=controlled-e4-v1:r=0.7:o=1.5|incumbent_policy_id=bb04999f69a86a50,5ae67ad10a9a02180b7f
-3.9897583933979863,True,1.8525529313556992,2.297360655183817,-5.746189895178841,-2.2154328948320776,True,True,-5.795750530749278,round_id=0|seed=401|response_strength=0.9|optimization_strength=0.5|config_id=controlled-e4-v1:r=0.9:o=0.5|incumbent_policy_id=bb04999f69a86a50,fb0c0bd4523042e0a6bd
-5.7951864217554085,False,1.8525529313556992,3.7089344253063654,-9.499244243099561,-3.692388158053464,False,False,-7.54379660213854,round_id=0|seed=401|response_strength=0.9|optimization_strength=0.5|config_id=controlled-e4-v1:r=0.9:o=0.5|incumbent_policy_id=bb04999f69a86a50,8edda836c076de722b36
-3.995558442631781,False,1.8525529313556992,0.7765691649072757,-1.417126439737086,-0.7384776316106927,True,True,-3.8542225263453034,round_id=0|seed=402|response_strength=0.9|optimization_strength=0.5|config_id=controlled-e4-v1:r=0.9:o=0.5|incumbent_policy_id=bb04999f69a86a50,0168fa561d3280af01dd
-3.4022231680458264,True,1.8525529313556992,1.529138329814553,-3.345740791617364,-1.4769552632213863,False,False,-4.816211961957385,round_id=0|seed=402|response_strength=0.9|optimization_strength=0.5|config_id=controlled-e4-v1:r=0.9:o=0.5|incumbent_policy_id=bb04999f69a86a50,0a344ec727b596011bdf
-4.029411553859975,False,1.8525529313556992,2.257707494721828,-5.7858430556408305,-2.2154328948320776,False,False,-5.7505986868926,round_id=0|seed=402|response_strength=0.9|optimization_strength=0.5|config_id=controlled-e4-v1:r=0.9:o=0.5|incumbent_policy_id=bb04999f69a86a50,94bfd4541b8d56ec7e68
-4.200139662904088,False,1.8525529313556992,3.642845824536381,-9.446373362483573,-3.692388158053464,False,False,-7.468543529044074,round_id=0|seed=402|response_strength=0.9|optimization_strength=0.5|config_id=controlled-e4-v1:r=0.9:o=0.5|incumbent_policy_id=bb04999f69a86a50,f53202e3d748a929d87c
-3.972751375594929,False,1.8525529313556992,0.7993762319441275,-1.394319372700234,-0.7384776316106927,True,True,-3.880192237654037,round_id=0|seed=403|response_strength=0.9|optimization_strength=0.5|config_id=controlled-e4-v1:r=0.9:o=0.5|incumbent_policy_id=bb04999f69a86a50,1d0daec838eed1623e08
-3.3566090339721226,True,1.8525529313556992,1.5747524638882568,-3.30012665754366,-1.4769552632213863,False,False,-4.868151384574852,round_id=0|seed=403|response_strength=0.9|optimization_strength=0.5|config_id=controlled-e4-v1:r=0.9:o=0.5|incumbent_policy_id=bb04999f69a86a50,f44fc6dcb9a06c6e1831
-3.9609903527494197,False,1.8525529313556992,2.3261286958323835,-5.717421854530277,-2.2154328948320776,False,False,-5.828507820818799,round_id=0|seed=403|response_strength=0.9|optimization_strength=0.5|config_id=controlled-e4-v1:r=0.9:o=0.5|incumbent_policy_id=bb04999f69a86a50,0f4e0226418de8a7d466
-5.747239687341132,False,1.8525529313556992,3.756881159720642,-9.53760163063098,-3.692388158053464,False,False,-7.59839208558774,round_id=0|seed=403|response_strength=0.9|optimization_strength=0.5|config_id=controlled-e4-v1:r=0.9:o=0.5|incumbent_policy_id=bb04999f69a86a50,0a2f9d3d8f931fc93650
-3.9732085568332094,False,1.8525529313556992,0.7989190507058472,-1.3947765539385137,-0.7384776316106927,True,True,-3.8796716593282605,round_id=0|seed=404|response_strength=0.9|optimization_strength=0.5|config_id=controlled-e4-v1:r=0.9:o=0.5|incumbent_policy_id=bb04999f69a86a50,94da53e906077052218a
-3.3575233964486833,True,1.8525529313556992,1.5738381014116962,-3.301041020020219,-1.4769552632213863,False,False,-4.867110227923299,round_id=0|seed=404|response_strength=0.9|optimization_strength=0.5|config_id=controlled-e4-v1:r=0.9:o=0.5|incumbent_policy_id=bb04999f69a86a50,ef79190081167f844658
-3.9623618964642597,False,1.8525529313556992,2.3247571521175434,-5.718793398245114,-2.2154328948320776,False,False,-5.82694608584147,round_id=0|seed=404|response_strength=0.9|optimization_strength=0.5|config_id=controlled-e4-v1:r=0.9:o=0.5|incumbent_policy_id=bb04999f69a86a50,a076dd9b8f9a12c1f1b0
-5.749525593532532,False,1.8525529313556992,3.754595253529242,-9.535772905677863,-3.692388158053464,False,False,-7.595789193958861,round_id=0|seed=404|response_strength=0.9|optimization_strength=0.5|config_id=controlled-e4-v1:r=0.9:o=0.5|incumbent_policy_id=bb04999f69a86a50,ca619b1fb752100cd664
-3.9827302672106084,False,1.8525529313556992,0.7893973403284482,-1.4042982643159143,-0.7384776316106927,True,True,-3.868829578263349,round_id=0|seed=405|response_strength=0.9|optimization_strength=0.5|config_id=controlled-e4-v1:r=0.9:o=0.5|incumbent_policy_id=bb04999f69a86a50,a42a96c609d9dc207054
-3.376566817203483,True,1.8525529313556992,1.5547946806568964,-3.32008444077502,-1.4769552632213863,False,False,-4.8454260657934745,round_id=0|seed=405|response_strength=0.9|optimization_strength=0.5|config_id=controlled-e4-v1:r=0.9:o=0.5|incumbent_policy_id=bb04999f69a86a50,abe806d0afe02abd49e8
-3.9909270275964603,False,1.8525529313556992,2.296192020985343,-5.7473585293773155,-2.2154328948320776,False,False,-5.794419842646732,round_id=0|seed=405|response_strength=0.9|optimization_strength=0.5|config_id=controlled-e4-v1:r=0.9:o=0.5|incumbent_policy_id=bb04999f69a86a50,48b2f41c6eac0810f9ce
-5.797134145419532,False,1.8525529313556992,3.7069867016422418,-9.49768606416826,-3.692388158053464,False,False,-7.541578788634299,round_id=0|seed=405|response_strength=0.9|optimization_strength=0.5|config_id=controlled-e4-v1:r=0.9:o=0.5|incumbent_policy_id=bb04999f69a86a50,c7853ae092240ad6c6da
-5.125399536694137,False,1.8525529313556992,4.378721310367637,-9.499244243099561,-4.430865789664156,True,True,-8.274404458845687,round_id=0|seed=401|response_strength=0.9|optimization_strength=1.0|config_id=controlled-e4-v1:r=0.9:o=1|incumbent_policy_id=bb04999f69a86a50,9a0e611a11e7f1e8c60b
-2.903268387306867,True,1.8525529313556992,6.600852459754907,-9.499244243099561,-7.384776316106926,False,False,-11.012338349618723,round_id=0|seed=401|response_strength=0.9|optimization_strength=1.0|config_id=controlled-e4-v1:r=0.9:o=1|incumbent_policy_id=bb04999f69a86a50,5fad105c46bf3ed776dc
-3.4022231680458264,False,1.8525529313556992,1.529138329814553,-3.345740791617364,-1.4769552632213863,True,True,-4.74824935283974,round_id=0|seed=402|response_strength=0.9|optimization_strength=1.0|config_id=controlled-e4-v1:r=0.9:o=1|incumbent_policy_id=bb04999f69a86a50,edf229cb9306c6edbea3
-4.880708827811365,False,1.8525529313556992,2.9622766596291044,-8.73743323180749,-2.9539105264427707,False,False,-6.521443868898741,round_id=0|seed=402|response_strength=0.9|optimization_strength=1.0|config_id=controlled-e4-v1:r=0.9:o=1|incumbent_policy_id=bb04999f69a86a50,bc1a7ed8d3c88299eb9b
-5.2047058576181175,False,1.8525529313556992,4.299414989443656,-9.446373362483573,-4.430865789664156,False,False,-8.18410077113233,round_id=0|seed=402|response_strength=0.9|optimization_strength=1.0|config_id=controlled-e4-v1:r=0.9:o=1|incumbent_policy_id=bb04999f69a86a50,34fc13f8b20292cd0a2b
-2.8503975066908787,True,1.8525529313556992,6.653723340370895,-9.446373362483573,-7.384776316106926,False,False,-11.072540808094299,round_id=0|seed=402|response_strength=0.9|optimization_strength=1.0|config_id=controlled-e4-v1:r=0.9:o=1|incumbent_policy_id=bb04999f69a86a50,e1c399a515857389c159
-3.3566090339721226,False,1.8525529313556992,1.5747524638882568,-3.30012665754366,-1.4769552632213863,True,True,-4.800188775457207,round_id=0|seed=403|response_strength=0.9|optimization_strength=1.0|config_id=controlled-e4-v1:r=0.9:o=1|incumbent_policy_id=bb04999f69a86a50,4d5ee71703f4ad96021e
-4.789480559663958,False,1.8525529313556992,3.053504927776511,-8.646204963660082,-2.9539105264427707,False,False,-6.625322714133673,round_id=0|seed=403|response_strength=0.9|optimization_strength=1.0|config_id=controlled-e4-v1:r=0.9:o=1|incumbent_policy_id=bb04999f69a86a50,6e85a092c4281b4d283f
-5.067863455397006,False,1.8525529313556992,4.436257391664768,-9.53760163063098,-4.430865789664156,False,False,-8.339919038984728,round_id=0|seed=403|response_strength=0.9|optimization_strength=1.0|config_id=controlled-e4-v1:r=0.9:o=1|incumbent_policy_id=bb04999f69a86a50,9e2e711e340b953cc71f
-2.9416257748382852,True,1.8525529313556992,6.562495072223489,-9.53760163063098,-7.384776316106926,False,False,-10.968661962859365,round_id=0|seed=403|response_strength=0.9|optimization_strength=1.0|config_id=controlled-e4-v1:r=0.9:o=1|incumbent_policy_id=bb04999f69a86a50,3d40b7526a984b77f146
-3.3575233964486833,False,1.8525529313556992,1.5738381014116962,-3.301041020020219,-1.4769552632213863,True,True,-4.799147618805654,round_id=0|seed=404|response_strength=0.9|optimization_strength=1.0|config_id=controlled-e4-v1:r=0.9:o=1|incumbent_policy_id=bb04999f69a86a50,8fbe9c4d5cd5ebae0150
-4.791309284617075,False,1.8525529313556992,3.051676202823394,-8.648033688613202,-2.9539105264427707,False,False,-6.623240400830573,round_id=0|seed=404|response_strength=0.9|optimization_strength=1.0|config_id=controlled-e4-v1:r=0.9:o=1|incumbent_policy_id=bb04999f69a86a50,58d911321250f2e7917f
-5.070606542826685,False,1.8525529313556992,4.433514304235089,-9.535772905677863,-4.430865789664156,False,False,-8.336795569030077,round_id=0|seed=404|response_strength=0.9|optimization_strength=1.0|config_id=controlled-e4-v1:r=0.9:o=1|incumbent_policy_id=bb04999f69a86a50,8aa65a84f76aaa0b7d7e
-2.9397970498851684,True,1.8525529313556992,6.5643237971766055,-9.535772905677863,-7.384776316106926,False,False,-10.970744276162463,round_id=0|seed=404|response_strength=0.9|optimization_strength=1.0|config_id=controlled-e4-v1:r=0.9:o=1|incumbent_policy_id=bb04999f69a86a50,a48c2a72386387b1afed
-3.376566817203483,False,1.8525529313556992,1.5547946806568964,-3.32008444077502,-1.4769552632213863,True,True,-4.77746345667583,round_id=0|seed=405|response_strength=0.9|optimization_strength=1.0|config_id=controlled-e4-v1:r=0.9:o=1|incumbent_policy_id=bb04999f69a86a50,a8557d5c48cc9ee064c9
-4.829396126126678,False,1.8525529313556992,3.013589361313791,-8.686120530122803,-2.9539105264427707,False,False,-6.57987207657092,round_id=0|seed=405|response_strength=0.9|optimization_strength=1.0|config_id=controlled-e4-v1:r=0.9:o=1|incumbent_policy_id=bb04999f69a86a50,7df727866bc0bd59d1b3
-5.127736805091086,False,1.8525529313556992,4.376384041970688,-9.49768606416826,-4.430865789664156,False,False,-8.271743082640597,round_id=0|seed=405|response_strength=0.9|optimization_strength=1.0|config_id=controlled-e4-v1:r=0.9:o=1|incumbent_policy_id=bb04999f69a86a50,8a805c534378506d1228
-2.9017102083755653,True,1.8525529313556992,6.602410638686209,-9.49768606416826,-7.384776316106926,False,False,-11.01411260042212,round_id=0|seed=405|response_strength=0.9|optimization_strength=1.0|config_id=controlled-e4-v1:r=0.9:o=1|incumbent_policy_id=bb04999f69a86a50,d1a76aa34036faf42ad0
-3.260038881510316,False,1.8525529313556992,6.244081965551458,-9.499244243099561,-6.646298684496234,True,True,-10.50388442142453,round_id=0|seed=401|response_strength=0.9|optimization_strength=1.5|config_id=controlled-e4-v1:r=0.9:o=1.5|incumbent_policy_id=bb04999f69a86a50,9e9018a4522889ae9115
-2.903268387306867,True,1.8525529313556992,6.600852459754907,-9.499244243099561,-11.077164474160389,False,False,-11.171526140245081,round_id=0|seed=401|response_strength=0.9|optimization_strength=1.5|config_id=controlled-e4-v1:r=0.9:o=1.5|incumbent_policy_id=bb04999f69a86a50,0a27a0fa5b6b9e1b2632
-4.0294115538599735,False,1.8525529313556992,2.2577074947218296,-5.785843055640832,-2.2154328948320785,True,True,-5.614673468657312,round_id=0|seed=402|response_strength=0.9|optimization_strength=1.5|config_id=controlled-e4-v1:r=0.9:o=1.5|incumbent_policy_id=bb04999f69a86a50,0cbc237852217b3ad36c
-5.2047058576181175,False,1.8525529313556992,4.299414989443656,-9.446373362483573,-4.430865789664156,False,False,-8.116138162014684,round_id=0|seed=402|response_strength=0.9|optimization_strength=1.5|config_id=controlled-e4-v1:r=0.9:o=1.5|incumbent_policy_id=bb04999f69a86a50,64ec4ff8b81abc6a46d8
-3.37899836289629,False,1.8525529313556992,6.125122484165484,-9.446373362483573,-6.646298684496234,False,False,-10.368428889854489,round_id=0|seed=402|response_strength=0.9|optimization_strength=1.5|config_id=controlled-e4-v1:r=0.9:o=1.5|incumbent_policy_id=bb04999f69a86a50,0542beff7f9f89f02c33
-2.8503975066908787,True,1.8525529313556992,6.653723340370895,-9.446373362483573,-11.077164474160389,False,False,-11.231728598720657,round_id=0|seed=402|response_strength=0.9|optimization_strength=1.5|config_id=controlled-e4-v1:r=0.9:o=1.5|incumbent_policy_id=bb04999f69a86a50,55849c98da94bd063fa7
-3.960990352749419,False,1.8525529313556992,2.3261286958323844,-5.7174218545302775,-2.2154328948320785,True,True,-5.69258260258351,round_id=0|seed=403|response_strength=0.9|optimization_strength=1.5|config_id=controlled-e4-v1:r=0.9:o=1.5|incumbent_policy_id=bb04999f69a86a50,ab04049dd944674091a0
-5.067863455397006,False,1.8525529313556992,4.436257391664768,-9.53760163063098,-4.430865789664156,False,False,-8.271956429867082,round_id=0|seed=403|response_strength=0.9|optimization_strength=1.5|config_id=controlled-e4-v1:r=0.9:o=1.5|incumbent_policy_id=bb04999f69a86a50,1c72e92f3989e24ecf21
-3.1737347595646215,False,1.8525529313556992,6.3303860874971525,-9.53760163063098,-6.646298684496234,False,False,-10.602156291633094,round_id=0|seed=403|response_strength=0.9|optimization_strength=1.5|config_id=controlled-e4-v1:r=0.9:o=1.5|incumbent_policy_id=bb04999f69a86a50,8dc375e559d5ef0b21c3
-2.9416257748382852,True,1.8525529313556992,6.562495072223489,-9.53760163063098,-11.077164474160389,False,False,-11.127849753485723,round_id=0|seed=403|response_strength=0.9|optimization_strength=1.5|config_id=controlled-e4-v1:r=0.9:o=1.5|incumbent_policy_id=bb04999f69a86a50,778cfe35e7932841bc7c
-3.962361896464258,False,1.8525529313556992,2.324757152117545,-5.718793398245114,-2.2154328948320785,True,True,-5.691020867606182,round_id=0|seed=404|response_strength=0.9|optimization_strength=1.5|config_id=controlled-e4-v1:r=0.9:o=1.5|incumbent_policy_id=bb04999f69a86a50,f6a57128541d054143a0
-5.070606542826685,False,1.8525529313556992,4.433514304235089,-9.535772905677863,-4.430865789664156,False,False,-8.26883295991243,round_id=0|seed=404|response_strength=0.9|optimization_strength=1.5|config_id=controlled-e4-v1:r=0.9:o=1.5|incumbent_policy_id=bb04999f69a86a50,78bf68c3dc7f2619ed1f
-3.17784939070914,False,1.8525529313556992,6.326271456352634,-9.535772905677863,-6.646298684496234,False,False,-10.59747108670111,round_id=0|seed=404|response_strength=0.9|optimization_strength=1.5|config_id=controlled-e4-v1:r=0.9:o=1.5|incumbent_policy_id=bb04999f69a86a50,d0ed5c6c2b6c6a85f786
-2.9397970498851684,True,1.8525529313556992,6.5643237971766055,-9.535772905677863,-11.077164474160389,False,False,-11.129932066788825,round_id=0|seed=404|response_strength=0.9|optimization_strength=1.5|config_id=controlled-e4-v1:r=0.9:o=1.5|incumbent_policy_id=bb04999f69a86a50,7a3333aec3269b0da721
-3.9909270275964595,False,1.8525529313556992,2.2961920209853437,-5.747358529377317,-2.2154328948320785,True,True,-5.658494624411444,round_id=0|seed=405|response_strength=0.9|optimization_strength=1.5|config_id=controlled-e4-v1:r=0.9:o=1.5|incumbent_policy_id=bb04999f69a86a50,b0501bfd7f23295889c5
-5.127736805091086,False,1.8525529313556992,4.376384041970688,-9.49768606416826,-4.430865789664156,False,False,-8.20378047352295,round_id=0|seed=405|response_strength=0.9|optimization_strength=1.5|config_id=controlled-e4-v1:r=0.9:o=1.5|incumbent_policy_id=bb04999f69a86a50,f9086a4ef059dd197c56
-3.2635447841057434,False,1.8525529313556992,6.2405760629560305,-9.49768606416826,-6.646298684496234,False,False,-10.499892357116892,round_id=0|seed=405|response_strength=0.9|optimization_strength=1.5|config_id=controlled-e4-v1:r=0.9:o=1.5|incumbent_policy_id=bb04999f69a86a50,9b890dd91d4bd727adef
-2.9017102083755653,True,1.8525529313556992,6.602410638686209,-9.49768606416826,-11.077164474160389,False,False,-11.173300391048478,round_id=0|seed=405|response_strength=0.9|optimization_strength=1.5|config_id=controlled-e4-v1:r=0.9:o=1.5|incumbent_policy_id=bb04999f69a86a50,8d0f778e89e08defc347
